"Date","Price","Open","High","Low","Vol","Change"
"04/22/2025","118,433.69","118,545.64","119,217.19","118,161.68","353.60M","0.04%"
"04/21/2025","118,383.38","117,712.70","118,827.47","117,712.70","367.34M","0.91%"
"04/18/2025","117,315.59","117,360.60","117,888.13","116,759.07","212.79M","0.35%"
"04/17/2025","116,901.13","116,073.70","117,216.03","115,818.07","221.69M","0.76%"
"04/16/2025","116,020.11","117,187.51","117,424.04","115,776.12","248.07M","-0.65%"
"04/15/2025","116,775.50","116,739.03","117,362.23","116,645.69","215.17M","0.33%"
"04/14/2025","116,390.04","115,448.73","116,494.20","115,246.21","273.77M","1.34%"
"04/11/2025","114,853.33","115,937.38","115,937.38","114,639.92","250.71M","-1.15%"
"04/10/2025","116,189.21","117,094.15","117,484.17","116,130.90","391.05M","1.78%"
"04/09/2025","114,153.16","115,092.12","115,092.12","112,891.49","267.60M","-1.19%"
"04/08/2025","115,532.43","115,800.77","116,692.29","115,560.91","338.91M","0.54%"
"04/07/2025","114,909.49","117,601.62","117,601.62","110,103.98","389.42M","-3.27%"
"04/04/2025","118,791.66","119,155.22","120,796.67","118,718.26","313.41M","-0.12%"
"04/03/2025","118,938.11","117,873.59","119,179.46","117,508.07","201.03M","0.96%"
"03/27/2025","117,806.75","118,037.70","118,147.25","117,551.42","193.47M","0.03%"
"03/26/2025","117,772.31","117,935.80","118,220.88","117,178.23","231.39M","0.98%"
"03/25/2025","116,633.17","116,375.71","116,904.55","115,877.88","158.06M","0.17%"
"03/24/2025","116,439.62","118,797.70","118,797.70","116,257.52","167.11M","-1.69%"
"03/21/2025","118,442.18","119,078.91","119,405.92","118,334.40","172.21M","-0.28%"
"03/20/2025","118,769.77","118,525.01","119,421.81","118,444.04","401.60M","0.67%"
"03/19/2025","117,974.03","117,198.36","118,243.63","116,882.80","301.11M","0.83%"
"03/18/2025","117,001.09","116,657.45","117,202.10","116,490.82","274.47M","0.69%"
"03/17/2025","116,199.59","116,012.73","116,626.83","115,883.22","286.47M","0.57%"
"03/14/2025","115,536.17","115,705.29","115,730.98","115,162.69","205.48M","0.38%"
"03/13/2025","115,094.24","114,429.93","115,247.40","114,429.93","210.93M","0.89%"
"03/12/2025","114,084.54","114,503.40","114,661.89","114,001.50","128.44M","-0.08%"
"03/11/2025","114,177.66","114,180.10","114,486.20","113,610.31","171.98M","-0.16%"
"03/10/2025","114,356.34","114,432.80","115,048.42","114,152.31","165.91M","-0.04%"
"03/07/2025","114,398.70","114,169.20","114,721.58","114,169.20","233.23M","0.60%"
"03/06/2025","113,713.18","112,506.52","113,871.22","112,446.01","240.89M","1.30%"
"03/05/2025","112,253.76","112,952.94","113,327.12","112,146.10","152.19M","-0.43%"
"03/04/2025","112,743.80","112,106.68","112,877.02","111,717.17","101.17M","0.68%"
"03/03/2025","111,986.89","113,498.58","113,591.83","111,829.15","108.00M","-1.12%"
"02/28/2025","113,251.67","113,890.68","114,265.97","113,201.84","231.45M","-0.47%"
"02/27/2025","113,784.31","114,045.13","114,456.92","113,729.53","207.29M","-0.07%"
"02/26/2025","113,862.33","114,580.40","114,762.93","113,849.93","333.21M","-0.58%"
"02/25/2025","114,528.09","114,900.47","115,889.60","114,178.56","290.83M","0.17%"
"02/24/2025","114,330.10","112,700.10","114,573.68","111,857.34","214.10M","1.36%"
"02/21/2025","112,800.93","114,441.59","114,444.01","112,813.87","216.95M","-0.82%"
"02/20/2025","113,739.16","113,601.96","114,202.14","113,525.90","507.75M","0.35%"
"02/19/2025","113,342.44","113,465.70","114,029.76","113,060.26","461.11M","0.22%"
"02/18/2025","113,088.48","112,023.31","113,252.55","111,642.02","348.50M","1.20%"
"02/17/2025","111,743.53","112,283.82","112,524.81","111,513.67","295.85M","-0.30%"
"02/14/2025","112,085.30","113,070.07","113,482.13","111,861.56","238.58M","-0.43%"
"02/13/2025","112,564.08","113,023.24","113,477.71","112,540.12","289.29M","-0.32%"
"02/12/2025","112,924.94","113,302.68","113,436.72","112,621.14","399.90M","-0.08%"
"02/11/2025","113,010.38","111,834.21","113,233.41","111,834.21","244.30M","1.47%"
"02/10/2025","111,377.97","110,610.81","111,622.72","109,948.57","193.05M","0.96%"
"02/07/2025","110,322.94","110,575.28","110,905.09","109,686.53","129.19M","0.02%"
"02/06/2025","110,301.16","112,053.96","112,234.15","109,405.54","174.30M","-1.46%"
"02/04/2025","111,935.38","113,091.72","113,649.08","111,828.11","170.65M","-0.72%"
"02/03/2025","112,745.01","114,550.59","114,620.79","112,681.34","165.87M","-1.32%"
"01/31/2025","114,255.73","113,745.99","115,106.99","113,692.87","250.68M","0.93%"
"01/30/2025","113,206.40","111,805.66","113,400.57","111,805.66","172.24M","1.54%"
"01/29/2025","111,487.36","112,274.42","112,569.90","111,157.19","201.92M","-0.48%"
"01/28/2025","112,030.36","113,398.28","113,644.72","111,434.95","211.43M","-1.31%"
"01/27/2025","113,520.32","115,075.86","115,596.87","113,482.23","231.20M","-1.18%"
"01/24/2025","114,880.49","114,407.66","115,779.06","114,383.17","280.36M","0.74%"
"01/23/2025","114,037.79","113,580.21","114,319.62","113,234.31","374.09M","0.52%"
"01/22/2025","113,443.43","114,996.26","115,256.16","113,359.38","358.35M","-1.39%"
"01/21/2025","115,042.25","116,320.30","116,424.85","114,783.72","338.09M","-0.69%"
"01/20/2025","115,844.82","115,868.94","116,276.42","115,668.08","268.34M","0.50%"
"01/17/2025","115,272.08","114,060.38","115,356.12","113,571.96","212.26M","1.26%"
"01/16/2025","113,836.74","114,800.98","114,884.63","113,630.45","176.92M","-0.58%"
"01/15/2025","114,495.71","115,360.64","115,773.39","114,298.29","263.60M","-0.27%"
"01/14/2025","114,804.17","114,541.46","115,044.79","113,836.61","258.82M","0.50%"
"01/13/2025","114,230.06","113,715.50","114,496.09","113,083.86","198.49M","0.87%"
"01/10/2025","113,247.29","112,544.62","113,554.07","112,013.59","216.22M","0.54%"
"01/09/2025","112,638.26","114,313.00","114,329.95","112,594.67","268.88M","-1.32%"
"01/08/2025","114,148.46","116,591.08","117,750.23","113,847.04","254.28M","-1.64%"
"01/07/2025","116,052.68","116,667.55","116,843.41","113,677.50","401.23M","-0.17%"
"01/06/2025","116,255.13","118,309.50","118,735.10","115,941.95","369.83M","-1.13%"
"01/03/2025","117,586.98","117,484.90","117,891.62","115,580.02","398.07M","0.40%"
"01/02/2025","117,119.66","117,150.31","118,367.81","116,857.61","383.72M","0.10%"
"01/01/2025","117,008.08","115,258.12","117,341.03","114,719.89","465.17M","1.63%"
"12/31/2024","115,126.90","116,700.02","116,700.02","114,804.81","580.52M","-0.11%"
"12/30/2024","115,259.00","111,916.71","115,422.34","111,916.71","521.36M","3.51%"
"12/27/2024","111,351.18","110,658.65","112,043.77","110,246.93","293.22M","0.84%"
"12/26/2024","110,423.32","112,480.60","112,480.60","109,858.88","274.82M","-1.77%"
"12/24/2024","112,414.81","114,987.83","115,036.50","112,294.42","352.68M","-1.33%"
"12/23/2024","113,924.42","110,990.57","114,189.72","110,891.36","424.81M","4.03%"
"12/20/2024","109,513.15","106,073.21","109,846.64","105,601.04","321.98M","3.05%"
"12/19/2024","106,274.98","110,140.75","111,745.03","105,937.37","531.31M","-4.32%"
"12/18/2024","111,070.29","114,854.05","116,236.71","110,896.27","507.24M","-3.30%"
"12/17/2024","114,860.69","116,308.02","117,039.18","113,688.55","548.57M","-1.13%"
"12/16/2024","116,169.41","115,433.26","116,681.59","115,346.00","491.30M","1.63%"
"12/13/2024","114,301.80","114,627.54","115,172.45","112,609.26","479.75M","0.11%"
"12/12/2024","114,180.51","111,308.66","114,408.62","111,308.66","636.22M","3.04%"
"12/11/2024","110,810.22","109,455.51","111,012.02","109,416.32","509.28M","1.76%"
"12/10/2024","108,896.65","110,738.04","111,759.58","107,711.40","669.93M","-0.98%"
"12/09/2024","109,970.39","109,094.07","110,358.85","107,625.92","719.55M","0.84%"
"12/06/2024","109,053.95","108,864.72","109,478.09","108,550.87","658.76M","0.75%"
"12/05/2024","108,238.97","105,661.16","108,345.99","105,448.06","721.60M","2.98%"
"12/04/2024","105,104.34","105,080.29","105,473.56","104,315.41","697.65M","0.52%"
"12/03/2024","104,559.07","103,520.00","104,680.89","102,825.60","756.59M","1.24%"
"12/02/2024","103,274.95","101,921.21","103,386.47","101,921.21","695.79M","1.89%"
"11/29/2024","101,357.32","100,393.16","101,496.18","99,822.62","454.63M","1.27%"
"11/28/2024","100,082.77","100,059.29","100,540.29","99,354.24","555.94M","0.82%"
"11/27/2024","99,269.25","97,425.06","99,549.81","97,188.28","495.79M","4.96%"
"11/26/2024","94,574.16","98,049.38","99,819.59","94,180.60","517.94M","-3.57%"
"11/25/2024","98,079.78","97,851.82","99,317.48","97,137.64","281.10M","0.29%"
"11/22/2024","97,798.23","97,835.39","99,623.04","97,471.12","515.07M","0.48%"
"11/21/2024","97,328.40","95,674.50","97,437.15","95,300.21","323.53M","1.86%"
"11/20/2024","95,546.46","96,055.66","96,711.33","95,311.97","565.38M","-0.32%"
"11/19/2024","95,856.67","95,241.64","96,036.49","95,212.63","377.89M","0.91%"
"11/18/2024","94,995.67","95,060.85","95,307.92","94,620.45","277.31M","0.24%"
"11/15/2024","94,763.64","94,431.19","95,278.27","94,431.19","283.27M","0.61%"
"11/14/2024","94,191.89","93,672.72","94,289.97","93,672.72","255.61M","0.90%"
"11/13/2024","93,355.43","93,362.53","93,803.59","92,943.08","295.67M","0.14%"
"11/12/2024","93,224.56","93,799.93","93,871.62","92,893.11","408.48M","-0.45%"
"11/11/2024","93,648.33","93,485.41","94,020.03","93,318.91","468.86M","0.38%"
"11/08/2024","93,291.68","92,623.84","93,514.56","92,566.49","362.83M","0.83%"
"11/07/2024","92,520.49","92,259.48","92,694.54","92,185.69","322.63M","0.54%"
"11/06/2024","92,021.44","92,509.76","92,966.95","91,891.47","376.32M","-0.31%"
"11/05/2024","92,304.32","92,510.48","92,514.30","91,536.09","289.41M","0.40%"
"11/04/2024","91,938.01","91,454.30","92,159.08","91,395.35","311.38M","1.19%"
"11/01/2024","90,859.85","89,292.74","91,133.28","88,852.68","230.03M","2.13%"
"10/31/2024","88,966.77","90,459.17","90,700.23","89,063.34","287.74M","-1.46%"
"10/30/2024","90,286.57","91,375.53","91,872.63","90,003.31","240.63M","-0.64%"
"10/29/2024","90,864.09","90,509.48","91,358.15","90,449.42","256.87M","0.74%"
"10/28/2024","90,195.52","90,633.65","91,054.84","89,732.73","267.24M","0.22%"
"10/25/2024","89,993.97","89,373.82","90,593.61","89,373.82","365.94M","1.18%"
"10/24/2024","88,945.99","87,553.63","89,126.16","87,382.05","458.05M","2.01%"
"10/23/2024","87,194.54","86,667.99","87,309.23","86,284.25","424.37M","0.84%"
"10/22/2024","86,466.58","86,294.70","86,846.04","86,294.70","415.55M","0.48%"
"10/21/2024","86,057.52","85,353.34","86,172.79","85,349.33","240.44M","0.95%"
"10/18/2024","85,250.09","85,638.58","85,773.83","85,120.90","152.92M","-0.39%"
"10/17/2024","85,585.43","86,439.57","86,520.29","85,539.20","219.88M","-0.72%"
"10/16/2024","86,205.66","86,060.69","86,513.46","85,948.05","259.49M","0.43%"
"10/15/2024","85,840.34","85,264.93","85,893.99","84,856.21","251.62M","0.68%"
"10/14/2024","85,261.39","85,596.91","86,105.03","85,156.11","263.52M","-0.26%"
"10/11/2024","85,483.40","85,432.84","85,750.19","84,774.46","295.02M","0.04%"
"10/10/2024","85,453.22","85,743.41","86,013.46","85,425.74","293.94M","-0.25%"
"10/09/2024","85,669.28","85,823.81","86,451.43","85,444.31","349.29M","0.01%"
"10/08/2024","85,663.98","84,905.56","85,824.27","84,897.99","283.71M","0.89%"
"10/07/2024","84,910.30","83,651.99","85,047.81","83,303.55","281.01M","1.65%"
"10/04/2024","83,531.96","82,804.30","83,605.73","82,594.80","173.69M","0.98%"
"10/03/2024","82,721.77","82,076.34","82,958.74","81,981.50","159.63M","0.92%"
"10/02/2024","81,967.01","81,706.43","82,360.29","81,529.45","154.65M","0.20%"
"10/01/2024","81,804.59","81,199.43","81,980.37","81,119.24","191.15M","0.85%"
"09/30/2024","81,114.20","81,271.08","81,321.64","80,352.22","116.76M","-0.22%"
"09/27/2024","81,292.13","81,737.61","81,842.75","81,183.50","153.49M","-0.45%"
"09/26/2024","81,657.97","82,752.07","82,905.73","81,552.66","152.66M","-0.72%"
"09/25/2024","82,247.92","81,643.50","82,331.86","81,524.41","155.31M","0.94%"
"09/24/2024","81,483.64","81,873.63","82,010.10","81,107.39","148.62M","-0.45%"
"09/23/2024","81,850.50","82,113.42","82,463.05","81,548.65","163.00M","-0.27%"
"09/20/2024","82,074.45","81,694.98","82,372.20","81,387.57","243.55M","0.76%"
"09/19/2024","81,459.29","80,802.77","82,003.58","80,680.24","184.89M","1.24%"
"09/18/2024","80,461.34","79,884.41","80,587.44","79,798.75","148.58M","1.22%"
"09/16/2024","79,491.14","79,682.10","79,993.18","79,368.18","","0.20%"
"09/13/2024","79,333.06","79,912.34","80,016.74","79,262.72","191.85M","0.40%"
"09/12/2024","79,017.62","78,843.06","79,217.62","78,577.65","132.75M","0.47%"
"09/11/2024","78,651.80","79,428.49","79,507.18","78,612.17","146.52M","-0.80%"
"09/10/2024","79,286.74","78,776.77","79,335.59","78,642.87","121.34M","0.85%"
"09/09/2024","78,615.00","79,117.78","79,214.28","78,545.69","90.27M","-0.36%"
"09/06/2024","78,897.73","79,009.84","79,254.25","78,917.29","141.87M","0.04%"
"09/05/2024","78,863.34","79,027.52","79,154.30","78,578.02","132.20M","0.02%"
"09/04/2024","78,848.01","78,488.88","78,890.79","78,488.88","146.30M","0.63%"
"09/03/2024","78,356.32","78,566.04","78,644.96","78,250.90","99.48M","0.09%"
"09/02/2024","78,283.30","78,715.16","79,014.69","78,240.37","121.32M","-0.26%"
"08/30/2024","78,488.22","78,552.01","78,914.28","78,439.62","148.55M","0.18%"
"08/29/2024","78,349.66","78,019.51","78,513.86","78,017.36","151.39M","0.46%"
"08/28/2024","77,992.79","78,253.05","78,334.61","77,990.35","150.90M","-0.12%"
"08/27/2024","78,084.24","78,737.23","78,857.62","78,077.83","190.60M","-0.62%"
"08/26/2024","78,571.06","78,907.54","79,160.40","78,553.87","141.27M","-0.29%"
"08/23/2024","78,801.43","78,902.33","79,173.94","78,760.03","197.84M","0.01%"
"08/22/2024","78,793.41","78,442.25","78,996.22","78,442.25","184.56M","0.68%"
"08/21/2024","78,260.86","77,993.20","78,457.37","77,968.74","190.86M","0.66%"
"08/20/2024","77,745.52","77,857.79","77,930.04","77,460.40","114.23M","-0.11%"
"08/19/2024","77,830.34","78,272.12","78,382.05","77,566.62","122.48M","-0.28%"
"08/16/2024","78,045.31","78,197.15","78,619.18","78,041.08","206.70M","-0.08%"
"08/15/2024","78,105.98","77,989.36","78,709.14","77,987.83","169.23M","0.29%"
"08/13/2024","77,877.42","77,966.72","78,275.97","77,817.33","183.96M","-0.13%"
"08/12/2024","77,980.29","78,867.30","78,886.46","77,940.53","141.77M","-0.75%"
"08/09/2024","78,569.59","78,322.33","78,823.14","78,051.08","139.15M","0.89%"
"08/08/2024","77,874.22","77,218.12","77,969.27","77,085.48","192.85M","0.99%"
"08/07/2024","77,114.49","77,344.86","77,800.04","77,086.82","128.80M","-0.10%"
"08/06/2024","77,191.34","77,417.21","77,746.56","77,035.96","149.77M","0.14%"
"08/05/2024","77,084.49","78,303.67","78,330.10","76,943.24","169.49M","-1.46%"
"08/02/2024","78,225.98","77,946.16","78,434.17","77,926.54","203.30M","0.62%"
"08/01/2024","77,740.31","78,101.16","78,241.02","77,595.93","97.02M","-0.19%"
"07/31/2024","77,886.99","78,725.96","79,151.82","77,810.17","112.54M","-0.94%"
"07/30/2024","78,628.81","79,319.20","79,327.05","78,518.23","143.37M","-0.25%"
"07/29/2024","78,827.74","78,023.89","79,055.99","78,016.30","135.18M","1.02%"
"07/26/2024","78,029.51","78,440.36","78,569.89","77,921.48","116.86M","-0.56%"
"07/25/2024","78,469.33","79,568.48","79,776.96","78,330.59","129.01M","-1.17%"
"07/24/2024","79,397.01","79,194.74","79,704.37","79,071.48","102.94M","0.52%"
"07/23/2024","78,987.09","78,700.25","79,585.34","78,634.15","137.60M","0.57%"
"07/22/2024","78,539.19","79,920.23","80,085.63","78,404.76","201.00M","-1.97%"
"07/19/2024","80,117.89","81,921.71","81,939.84","79,812.70","246.33M","-2.10%"
"07/18/2024","81,839.86","81,418.12","81,909.95","81,418.12","238.79M","0.84%"
"07/15/2024","81,155.61","80,743.46","81,428.43","80,743.46","219.58M","1.52%"
"07/12/2024","79,944.10","80,094.69","80,321.69","78,611.68","217.96M","-0.06%"
"07/11/2024","79,992.35","79,884.02","80,114.73","79,708.87","154.10M","0.19%"
"07/10/2024","79,841.56","80,885.06","80,971.96","79,841.32","230.88M","-1.03%"
"07/09/2024","80,672.06","80,752.94","81,087.43","80,530.86","309.34M","0.13%"
"07/08/2024","80,566.21","80,332.79","80,737.71","80,192.31","138.28M","0.44%"
"07/05/2024","80,212.79","80,427.84","80,627.49","80,080.25","211.20M","-0.09%"
"07/04/2024","80,282.80","80,438.84","80,888.86","80,134.89","228.99M","0.06%"
"07/03/2024","80,233.67","79,697.25","80,405.24","79,697.25","280.03M","0.86%"
"07/02/2024","79,552.89","78,978.55","79,740.35","78,978.55","192.74M","0.92%"
"07/01/2024","78,824.33","78,531.93","79,536.23","78,427.80","163.26M","0.48%"
"06/28/2024","78,444.96","78,698.47","78,784.23","78,312.36","206.23M","-0.11%"
"06/27/2024","78,528.25","78,470.34","78,978.60","78,294.23","137.83M","0.32%"
"06/26/2024","78,275.65","77,968.91","78,679.50","77,968.91","218.68M","0.43%"
"06/25/2024","77,940.58","78,297.40","78,541.22","77,908.98","126.98M","-0.37%"
"06/24/2024","78,232.10","79,247.15","79,388.12","78,167.43","148.50M","-0.73%"
"06/21/2024","78,810.49","79,156.52","80,059.87","78,169.03","207.21M","0.01%"
"06/20/2024","78,801.53","76,896.82","78,890.37","76,896.82","211.65M","2.73%"
"06/14/2024","76,706.77","76,555.91","77,310.45","76,103.56","212.58M","0.65%"
"06/13/2024","76,208.16","73,329.80","76,338.15","73,329.80","344.92M","4.69%"
"06/12/2024","72,797.43","72,545.24","73,169.00","72,464.24","106.50M","0.29%"
"06/11/2024","72,589.49","73,779.99","73,866.45","72,476.05","142.11M","-0.91%"
"06/10/2024","73,252.56","73,841.92","73,915.45","72,981.35","89.48M","-0.68%"
"06/07/2024","73,754.02","73,805.95","73,902.79","71,781.96","208.27M","-0.15%"
"06/06/2024","73,862.93","74,276.84","74,593.33","73,768.40","112.74M","-0.48%"
"06/05/2024","74,219.44","74,672.38","74,758.11","74,136.52","","-0.60%"
"06/04/2024","74,666.66","75,657.68","75,669.76","74,592.74","","-1.20%"
"06/03/2024","75,575.26","76,091.42","76,209.97","75,495.38","","-0.40%"
"05/31/2024","75,878.48","75,078.43","75,953.74","74,989.26","","1.34%"
"05/30/2024","74,878.12","74,986.02","75,300.03","74,585.35","","0.06%"
"05/29/2024","74,836.30","75,617.79","75,667.31","74,760.10","","-0.90%"
"05/27/2024","75,517.49","76,089.66","76,187.45","75,485.62","","-0.61%"
"05/24/2024","75,983.04","75,266.61","76,248.76","75,263.06","","1.16%"
"05/23/2024","75,114.47","74,982.16","75,284.74","74,726.07","","0.21%"
"05/22/2024","74,956.67","75,246.33","75,513.90","74,835.49","","-0.33%"
"05/21/2024","75,206.77","75,158.68","75,482.46","74,958.10","","0.16%"
"05/20/2024","75,084.00","75,454.97","75,618.49","74,734.25","","-0.34%"
"05/17/2024","75,342.35","74,981.29","75,401.12","74,947.71","","0.55%"
"05/16/2024","74,930.70","74,744.65","75,029.03","74,450.26","","0.36%"
"05/15/2024","74,663.98","74,771.18","75,115.33","74,440.88","","0.18%"
"05/14/2024","74,531.19","74,022.18","74,575.31","73,977.01","","0.99%"
"05/13/2024","73,799.11","73,315.02","74,114.23","73,109.76","","0.98%"
"05/10/2024","73,085.50","72,888.93","73,449.38","72,876.84","","0.59%"
"05/09/2024","72,658.05","72,819.48","72,889.78","72,325.35","","0.08%"
"05/08/2024","72,601.82","73,079.18","73,079.18","72,358.19","","-0.22%"
"05/07/2024","72,761.20","73,062.52","73,260.09","72,707.96","","0.00%"
"05/06/2024","72,764.24","72,485.86","73,060.74","72,462.49","","1.20%"
"05/03/2024","71,902.09","70,734.47","71,986.43","70,671.72","","1.76%"
"05/02/2024","70,657.64","71,199.95","71,292.83","70,562.12","","-0.63%"
"04/30/2024","71,102.55","71,780.95","72,119.66","71,059.63","","-0.83%"
"04/29/2024","71,695.03","73,022.89","73,300.75","71,602.94","","-1.44%"
"04/26/2024","72,742.75","72,109.79","72,862.41","71,764.18","","1.07%"
"04/25/2024","71,971.40","72,254.38","72,593.25","71,700.54","","-0.11%"
"04/24/2024","72,051.89","71,472.87","72,414.33","71,467.02","","0.97%"
"04/23/2024","71,359.41","71,553.58","71,846.64","71,338.43","","-0.10%"
"04/22/2024","71,433.46","71,009.67","71,861.18","70,882.45","","0.74%"
"04/19/2024","70,909.90","70,423.71","70,968.98","70,186.93","","0.88%"
"04/18/2024","70,290.12","70,506.20","70,645.30","69,783.32","","-0.06%"
"04/17/2024","70,333.32","70,396.65","70,725.50","70,037.28","","-0.21%"
"04/16/2024","70,483.66","70,661.42","71,092.61","70,405.24","","-0.09%"
"04/15/2024","70,544.58","70,218.51","70,608.88","69,914.11","","0.33%"
"04/09/2024","70,314.72","69,857.15","70,677.30","69,857.15","","1.00%"
"04/08/2024","69,619.99","68,716.64","69,720.03","68,710.50","","1.76%"
"04/04/2024","68,416.78","68,210.16","68,439.37","67,912.35","","0.98%"
"04/03/2024","67,756.04","66,998.21","67,873.22","66,985.02","","1.30%"
"04/02/2024","66,886.26","66,793.38","66,959.55","66,573.63","","0.13%"
"04/01/2024","66,796.32","67,162.70","67,304.37","66,740.91","","-0.31%"
"03/29/2024","67,005.11","67,232.20","67,307.63","66,822.43","","-0.20%"
"03/28/2024","67,142.12","66,690.94","67,246.03","66,690.94","","0.89%"
"03/27/2024","66,547.79","66,003.44","66,607.88","66,003.44","","0.97%"
"03/26/2024","65,906.28","65,629.76","65,989.54","65,492.71","","0.58%"
"03/25/2024","65,525.65","65,412.92","65,656.50","65,301.74","","0.57%"
"03/22/2024","65,151.83","65,510.16","65,534.02","65,056.66","","-0.41%"
"03/21/2024","65,417.40","66,021.54","66,196.24","65,326.01","","-0.48%"
"03/20/2024","65,731.79","65,727.73","65,968.03","65,614.94","","0.35%"
"03/19/2024","65,502.60","64,955.94","65,624.73","64,940.18","","0.94%"
"03/18/2024","64,890.51","64,987.15","65,148.36","64,811.92","","0.11%"
"03/15/2024","64,816.47","65,309.79","65,353.66","64,759.61","","-0.38%"
"03/14/2024","65,064.27","64,079.97","65,205.82","64,079.97","","1.59%"
"03/13/2024","64,048.44","64,859.77","65,043.38","63,856.51","","-1.16%"
"03/12/2024","64,801.70","65,815.11","65,859.64","64,664.67","","-1.45%"
"03/11/2024","65,755.31","65,948.02","66,119.34","65,698.76","","-0.06%"
"03/08/2024","65,793.76","65,760.55","66,067.53","65,693.22","","0.29%"
"03/07/2024","65,603.09","65,673.80","65,874.15","65,187.69","","-0.08%"
"03/06/2024","65,656.62","65,757.72","66,150.95","65,603.88","","-0.11%"
"03/05/2024","65,726.04","66,126.70","66,134.85","65,500.07","","-0.34%"
"03/04/2024","65,951.73","65,695.03","66,007.44","65,532.58","","0.96%"
"03/01/2024","65,325.69","64,755.31","65,486.46","64,530.21","","1.16%"
"02/29/2024","64,578.52","63,827.25","64,801.64","63,827.25","","1.37%"
"02/28/2024","63,703.45","63,173.45","63,929.58","63,042.15","","0.77%"
"02/27/2024","63,219.10","63,450.40","63,622.00","63,055.64","","-0.14%"
"02/26/2024","63,305.93","62,915.40","63,732.50","61,849.67","","0.78%"
"02/23/2024","62,815.82","61,939.01","62,945.37","61,849.67","","1.46%"
"02/22/2024","61,914.34","61,741.57","61,952.10","61,460.45","","0.58%"
"02/21/2024","61,559.16","61,237.78","61,620.86","60,906.98","","1.81%"
"02/20/2024","60,464.24","60,576.38","61,237.51","60,420.84","","0.01%"
"02/19/2024","60,459.75","59,444.46","60,504.48","59,191.86","","0.98%"
"02/16/2024","59,872.96","60,787.30","61,173.31","59,739.47","","-1.88%"
"02/15/2024","61,020.06","62,394.25","62,394.25","60,926.86","","-1.82%"
"02/14/2024","62,153.84","61,635.62","62,432.26","61,635.62","","1.51%"
"02/13/2024","61,226.93","60,536.13","61,654.65","59,613.18","","0.26%"
"02/12/2024","61,065.32","62,444.76","62,634.38","60,647.68","","-2.98%"
"02/09/2024","62,943.75","63,291.62","63,305.71","61,781.76","","-1.87%"
"02/07/2024","64,143.87","63,955.05","64,196.62","63,927.29","","0.54%"
"02/06/2024","63,799.02","63,178.09","63,885.10","63,176.97","","1.26%"
"02/02/2024","63,002.92","62,536.10","63,075.30","62,448.72","","0.98%"
"02/01/2024","62,393.74","62,054.25","62,480.23","61,764.70","","0.67%"
"01/31/2024","61,979.18","62,072.82","62,600.12","61,896.01","","0.22%"
"01/30/2024","61,841.74","62,799.23","63,074.51","61,637.62","","-1.48%"
"01/29/2024","62,773.72","63,792.84","63,792.84","62,717.71","","-1.63%"
"01/26/2024","63,813.06","64,220.91","64,534.30","63,743.40","","-0.75%"
"01/25/2024","64,298.01","64,918.32","65,213.61","64,180.45","","-0.81%"
"01/24/2024","64,822.43","64,569.49","65,063.08","64,460.95","","0.57%"
"01/23/2024","64,454.22","64,121.46","64,658.17","63,549.61","","0.81%"
"01/22/2024","63,939.41","63,354.43","64,090.88","63,139.73","","1.04%"
"01/19/2024","63,282.23","63,351.07","63,911.86","63,214.86","","0.13%"
"01/18/2024","63,202.40","63,579.97","63,579.97","62,528.56","","-0.57%"
"01/17/2024","63,567.34","63,692.22","64,043.87","63,290.18","","-0.27%"
"01/16/2024","63,737.46","64,246.68","64,246.68","63,397.94","","-0.83%"
"01/15/2024","64,269.38","64,885.15","65,173.87","64,130.96","","-0.57%"
"01/12/2024","64,637.64","64,917.06","65,356.85","64,491.08","","0.03%"
"01/11/2024","64,617.57","64,057.49","64,700.97","63,914.94","","1.09%"
"01/10/2024","63,919.85","64,234.83","64,550.94","63,873.63","","-0.39%"
"01/09/2024","64,170.58","64,536.58","64,786.35","63,878.22","","-0.10%"
"01/08/2024","64,237.03","64,684.23","65,069.43","64,183.53","","-0.43%"
"01/05/2024","64,514.90","64,738.85","65,077.48","63,757.96","","-0.19%"
"01/04/2024","64,639.16","64,815.34","64,936.76","64,098.11","","-0.01%"
"01/03/2024","64,646.85","64,504.22","65,244.60","64,219.54","","0.46%"
"01/02/2024","64,349.60","65,120.39","65,333.70","64,213.63","","-0.48%"
"01/01/2024","64,661.78","62,696.99","64,718.88","62,672.97","","3.54%"
"12/29/2023","62,451.04","62,225.33","62,644.38","61,807.54","","0.64%"
"12/28/2023","62,052.24","61,130.13","62,750.78","61,092.27","","1.95%"
"12/27/2023","60,863.62","59,097.62","61,009.88","58,758.48","","2.86%"
"12/26/2023","59,170.98","61,606.46","61,634.55","59,026.81","","-4.11%"
"12/22/2023","61,705.09","62,838.18","62,995.22","61,569.14","","-1.58%"
"12/21/2023","62,693.57","62,742.26","62,850.10","61,750.97","","0.39%"
"12/20/2023","62,448.01","62,862.54","63,261.05","61,082.50","","-0.61%"
"12/19/2023","62,833.03","65,124.30","65,132.03","62,360.78","","-3.64%"
"12/18/2023","65,204.68","66,525.70","66,586.62","65,064.94","","-1.40%"
"12/15/2023","66,130.02","65,774.74","66,346.77","65,559.49","","1.04%"
"12/14/2023","65,450.19","65,323.06","65,622.56","64,437.70","","0.26%"
"12/13/2023","65,280.16","66,764.30","67,093.96","64,427.39","","-1.73%"
"12/12/2023","66,426.78","66,121.14","66,604.04","66,121.14","","0.63%"
"12/11/2023","66,012.33","66,162.29","66,564.04","65,129.00","","-0.32%"
"12/08/2023","66,223.63","65,055.17","66,273.73","65,055.17","","2.33%"
"12/07/2023","64,718.08","64,159.02","64,958.10","63,853.05","","1.47%"
"12/06/2023","63,778.75","63,205.42","64,038.83","63,188.72","","1.19%"
"12/05/2023","63,028.13","62,653.40","63,036.51","62,215.19","","0.72%"
"12/04/2023","62,575.35","62,061.57","62,912.61","62,061.57","","1.43%"
"12/01/2023","61,691.25","60,667.83","61,779.73","60,576.42","","1.92%"
"11/30/2023","60,526.77","60,787.90","60,981.68","60,428.14","","0.05%"
"11/29/2023","60,498.96","60,916.67","61,555.84","60,328.18","","-0.57%"
"11/28/2023","60,845.53","60,023.86","60,845.61","60,023.86","","1.79%"
"11/27/2023","59,774.06","59,298.90","59,896.08","58,999.31","","1.02%"
"11/24/2023","59,173.34","59,059.56","59,502.28","58,990.21","","0.45%"
"11/23/2023","58,910.80","58,246.21","58,920.41","58,246.21","","1.26%"
"11/22/2023","58,178.27","57,418.50","58,405.92","57,418.50","","1.34%"
"11/21/2023","57,408.18","57,176.46","57,691.22","57,176.46","","0.60%"
"11/20/2023","57,065.99","57,099.82","57,309.27","56,738.40","","0.09%"
"11/17/2023","57,016.96","57,503.68","57,750.93","56,977.02","","-0.57%"
"11/16/2023","57,344.16","56,838.66","57,549.27","56,531.54","","1.02%"
"11/15/2023","56,765.28","56,793.35","56,846.68","56,433.05","","0.21%"
"11/14/2023","56,644.58","56,732.99","56,873.99","56,118.18","","0.21%"
"11/13/2023","56,526.71","55,644.68","56,583.59","55,644.68","","2.03%"
"11/10/2023","55,399.66","54,371.75","55,506.33","54,371.75","","2.01%"
"11/08/2023","54,307.37","53,720.46","54,419.65","53,720.46","","0.92%"
"11/07/2023","53,810.82","53,977.16","54,312.90","53,711.47","","-0.24%"
"11/06/2023","53,941.04","53,286.64","53,944.89","53,166.86","","1.44%"
"11/03/2023","53,175.72","52,916.99","53,263.07","52,782.21","","0.90%"
"11/02/2023","52,701.43","52,421.09","52,706.01","52,239.59","","0.66%"
"11/01/2023","52,357.05","52,075.16","52,451.21","52,075.16","","0.73%"
"10/31/2023","51,976.31","51,633.00","52,088.71","51,508.58","","0.96%"
"10/30/2023","51,482.93","50,971.84","51,501.82","50,971.84","","1.03%"
"10/27/2023","50,958.45","51,219.11","51,269.74","50,834.72","","-0.39%"
"10/26/2023","51,158.40","51,341.92","51,520.68","51,140.64","","0.06%"
"10/25/2023","51,125.32","51,023.31","51,483.85","51,023.31","","0.11%"
"10/24/2023","51,068.15","51,121.92","51,121.92","50,624.38","","-0.01%"
"10/23/2023","51,072.73","50,924.38","51,419.87","50,924.38","","0.79%"
"10/20/2023","50,674.52","50,417.99","50,952.67","50,332.76","","0.70%"
"10/19/2023","50,323.97","49,487.16","50,399.92","49,436.92","","1.86%"
"10/18/2023","49,406.19","49,496.19","49,740.98","49,383.72","","-0.25%"
"10/17/2023","49,527.88","49,792.49","50,017.45","49,508.42","","-0.39%"
"10/16/2023","49,719.87","49,705.41","49,919.03","49,317.59","","0.46%"
"10/13/2023","49,493.47","48,821.58","49,520.38","48,767.59","","1.48%"
"10/12/2023","48,771.71","48,520.71","48,830.26","48,359.38","","0.56%"
"10/11/2023","48,501.80","48,210.60","48,516.64","48,208.30","","0.74%"
"10/10/2023","48,143.50","47,752.69","48,166.36","47,708.11","","0.85%"
"10/09/2023","47,736.61","47,376.59","47,775.73","47,217.74","","0.48%"
"10/06/2023","47,508.67","47,545.30","47,619.26","47,402.58","","0.05%"
"10/05/2023","47,484.56","47,152.98","47,484.56","47,152.98","","0.86%"
"10/04/2023","47,079.83","46,760.83","47,199.50","46,748.79","","0.69%"
"10/03/2023","46,756.80","46,685.93","46,820.72","46,670.79","","0.28%"
"10/02/2023","46,627.08","46,294.62","46,704.64","46,294.62","","0.85%"
"09/28/2023","46,232.59","46,464.29","46,469.60","46,177.50","","-0.38%"
"09/27/2023","46,408.02","46,291.28","46,448.34","46,238.12","","0.21%"
"09/26/2023","46,308.54","46,399.88","46,503.82","46,258.96","","-0.18%"
"09/25/2023","46,394.32","46,486.05","46,590.26","46,305.88","","-0.09%"
"09/22/2023","46,436.41","46,322.34","46,500.45","46,182.00","","0.28%"
"09/21/2023","46,304.73","45,917.50","46,309.80","45,733.44","","0.81%"
"09/20/2023","45,932.52","45,947.39","46,035.09","45,808.11","","0.04%"
"09/19/2023","45,914.18","45,850.20","46,036.04","45,850.20","","0.17%"
"09/18/2023","45,837.42","45,824.42","45,907.08","45,662.70","","0.18%"
"09/15/2023","45,753.51","45,986.58","46,093.01","45,700.65","","0.23%"
"09/14/2023","45,650.05","45,581.72","45,776.97","45,581.49","","0.13%"
"09/13/2023","45,590.92","45,507.73","45,732.73","45,500.22","","0.18%"
"09/12/2023","45,508.39","45,902.72","45,902.72","45,468.27","","-0.78%"
"09/11/2023","45,865.73","46,071.19","46,174.69","45,678.15","","-0.32%"
"09/08/2023","46,013.48","45,812.70","46,077.39","45,728.89","","0.56%"
"09/07/2023","45,757.23","45,854.24","46,035.81","45,703.53","","-0.11%"
"09/06/2023","45,807.57","45,515.03","45,854.19","45,460.28","","0.69%"
"09/05/2023","45,491.48","45,825.12","45,950.68","45,417.00","","-0.47%"
"09/04/2023","45,707.42","45,461.58","45,788.74","45,448.02","","0.87%"
"09/01/2023","45,312.65","45,005.74","45,358.29","44,795.82","","0.69%"
"08/31/2023","45,002.41","46,286.73","46,358.02","44,459.63","","-2.69%"
"08/30/2023","46,244.55","46,771.14","46,857.88","46,101.34","","-1.12%"
"08/29/2023","46,770.41","47,322.44","47,372.09","46,598.24","","-1.49%"
"08/28/2023","47,478.61","47,732.79","47,733.51","47,399.28","","-0.40%"
"08/25/2023","47,671.21","47,818.32","47,853.55","47,570.31","","-0.17%"
"08/24/2023","47,750.76","47,463.68","47,994.19","47,463.68","","0.70%"
"08/23/2023","47,418.63","47,503.35","47,588.24","47,007.66","","0.00%"
"08/22/2023","47,417.90","47,451.64","47,675.22","47,359.18","","-0.06%"
"08/21/2023","47,447.95","48,141.31","48,234.26","47,432.72","","-1.60%"
"08/18/2023","48,218.49","48,406.43","48,615.14","48,196.19","","-0.22%"
"08/17/2023","48,325.84","47,961.18","48,397.38","47,893.71","","0.37%"
"08/16/2023","48,146.43","48,575.05","48,614.47","48,108.88","","-0.86%"
"08/15/2023","48,565.75","48,478.19","48,794.13","48,293.03","","0.29%"
"08/11/2023","48,424.40","47,968.51","48,898.82","47,968.51","","1.29%"
"08/10/2023","47,808.34","48,503.90","48,622.91","47,626.75","","-0.87%"
"08/09/2023","48,227.60","47,322.66","48,334.54","47,262.38","","1.68%"
"08/08/2023","47,429.82","48,359.55","48,415.46","47,335.32","","-1.98%"
"08/07/2023","48,386.25","48,716.46","49,034.92","48,276.54","","-0.41%"
"08/04/2023","48,585.71","48,584.59","48,840.27","48,427.99","","-0.05%"
"08/03/2023","48,611.18","48,993.33","49,404.50","48,541.35","","-0.31%"
"08/02/2023","48,764.55","48,277.82","48,852.05","48,178.89","","1.11%"
"08/01/2023","48,230.50","48,326.51","48,441.84","47,998.27","","0.41%"
"07/31/2023","48,034.59","47,372.54","48,126.50","47,372.54","","1.90%"
"07/27/2023","47,139.06","46,779.75","47,393.47","46,779.75","","0.89%"
"07/26/2023","46,724.58","46,531.52","46,724.58","46,499.37","","0.70%"
"07/25/2023","46,399.22","46,063.60","46,540.88","46,019.63","","0.72%"
"07/24/2023","46,065.55","46,070.67","46,195.71","45,872.67","","0.39%"
"07/21/2023","45,888.26","45,392.37","46,122.16","45,391.55","","1.02%"
"07/20/2023","45,426.58","45,079.61","45,451.65","45,067.96","","0.75%"
"07/19/2023","45,086.33","45,101.57","45,227.49","44,928.03","","0.15%"
"07/18/2023","45,019.59","45,157.50","45,240.21","44,848.39","","-0.06%"
"07/17/2023","45,047.35","45,114.91","45,283.31","45,013.98","","-0.05%"
"07/14/2023","45,071.94","45,289.44","45,488.45","45,043.17","","-0.50%"
"07/13/2023","45,296.52","45,808.98","45,971.00","45,255.58","","-0.62%"
"07/12/2023","45,581.13","45,297.24","45,582.31","45,200.35","","0.89%"
"07/11/2023","45,179.23","44,691.46","45,250.49","44,691.46","","1.39%"
"07/10/2023","44,561.82","44,275.02","44,601.78","44,260.11","","0.63%"
"07/07/2023","44,284.92","44,179.14","44,293.51","44,086.74","","0.17%"
"07/06/2023","44,211.72","43,691.55","44,212.77","43,550.14","","1.51%"
"07/05/2023","43,553.81","43,536.60","44,041.26","43,464.06","","0.12%"
"07/04/2023","43,502.89","44,511.52","44,511.52","43,488.38","","-0.91%"
"07/03/2023","43,903.29","43,683.78","43,933.95","43,404.70","","5.91%"
"06/27/2023","41,452.68","41,431.86","41,606.25","41,208.20","","0.16%"
"06/26/2023","41,386.57","40,334.05","41,491.88","40,334.05","","3.23%"
"06/23/2023","40,090.36","40,175.95","40,235.58","39,894.43","","-0.23%"
"06/22/2023","40,181.84","40,231.16","40,378.60","40,091.38","","-0.12%"
"06/21/2023","40,229.76","40,693.22","40,804.88","40,191.25","","-1.03%"
"06/20/2023","40,647.48","40,638.86","40,739.98","40,507.18","","-0.01%"
"06/19/2023","40,650.45","41,411.76","41,484.33","40,610.28","","-1.66%"
"06/16/2023","41,335.53","41,467.91","41,612.67","41,280.16","","-0.17%"
"06/15/2023","41,404.50","41,631.57","41,639.34","41,269.13","","-0.32%"
"06/14/2023","41,536.87","41,594.97","41,744.44","41,448.61","","0.00%"
"06/13/2023","41,536.16","41,887.60","42,025.54","41,522.64","","-0.57%"
"06/12/2023","41,772.33","41,915.66","42,029.14","41,715.31","","-0.32%"
"06/09/2023","41,904.86","41,735.08","41,931.83","41,677.14","","0.57%"
"06/08/2023","41,668.07","42,223.62","42,307.12","41,648.84","","-1.07%"
"06/07/2023","42,119.22","41,975.36","42,231.63","41,924.49","","0.49%"
"06/06/2023","41,912.88","41,752.64","42,026.94","41,751.21","","0.66%"
"06/05/2023","41,638.53","41,390.47","41,681.68","41,375.58","","0.68%"
"06/02/2023","41,356.24","41,258.43","41,403.44","41,237.41","","0.20%"
"06/01/2023","41,273.72","41,388.20","41,481.54","41,226.95","","-0.16%"
"05/31/2023","41,337.82","41,726.69","41,852.24","41,265.04","","-0.79%"
"05/30/2023","41,665.85","41,362.07","41,693.47","41,362.07","","0.76%"
"05/29/2023","41,350.25","41,005.15","41,649.14","41,005.15","","0.85%"
"05/26/2023","41,002.60","41,055.62","41,148.56","40,783.80","","-0.16%"
"05/25/2023","41,070.30","41,165.06","41,219.03","40,956.88","","-0.07%"
"05/24/2023","41,098.48","41,128.92","41,342.23","41,064.40","","-0.04%"
"05/23/2023","41,116.63","41,224.39","41,295.65","41,098.70","","-0.21%"
"05/22/2023","41,203.50","41,600.63","41,690.28","41,155.48","","-0.99%"
"05/19/2023","41,614.87","41,462.64","41,628.79","41,354.33","","0.34%"
"05/18/2023","41,472.20","41,878.59","41,964.27","41,411.64","","-0.87%"
"05/17/2023","41,835.57","42,083.63","42,110.03","41,818.34","","-0.34%"
"05/16/2023","41,980.13","41,827.94","42,081.58","41,817.01","","0.63%"
"05/15/2023","41,716.26","41,498.01","41,716.26","41,310.19","","0.55%"
"05/12/2023","41,487.58","41,325.63","41,649.15","41,299.39","","0.39%"
"05/11/2023","41,325.63","41,074.95","41,498.77","41,074.95","","0.61%"
"05/10/2023","41,074.95","41,373.81","41,407.09","41,041.32","","-0.72%"
"05/09/2023","41,373.81","41,829.49","41,830.35","41,277.73","","-1.09%"
"05/08/2023","41,829.49","42,241.98","42,389.22","41,767.45","","-0.98%"
"05/05/2023","42,241.98","42,093.80","42,323.29","41,962.90","","0.35%"
"05/04/2023","42,093.80","42,087.93","42,336.44","42,055.90","","0.01%"
"05/03/2023","42,087.93","41,927.64","42,171.68","41,915.81","","0.38%"
"05/02/2023","41,927.64","41,580.85","41,990.15","41,580.85","","0.83%"
"04/28/2023","41,580.85","41,463.91","41,790.68","41,463.91","","0.28%"
"04/27/2023","41,463.91","41,099.58","41,518.74","41,081.07","","0.89%"
"04/26/2023","41,099.58","41,007.82","41,363.89","41,007.82","","0.22%"
"04/20/2023","41,007.82","40,499.34","41,086.67","40,499.34","","1.26%"
"04/19/2023","40,499.34","40,448.05","40,532.76","40,289.95","","0.13%"
"04/18/2023","40,448.05","40,246.67","40,484.29","40,221.08","","0.50%"
"04/17/2023","40,246.66","40,205.54","40,372.80","40,182.37","","0.10%"
"04/13/2023","40,205.54","40,126.05","40,418.60","40,126.05","","0.20%"
"04/12/2023","40,126.05","39,804.71","40,172.76","39,803.95","","0.81%"
"04/11/2023","39,804.71","39,835.90","39,919.99","39,723.01","","-0.08%"
"04/10/2023","39,835.90","40,049.65","40,183.81","39,815.86","","-0.53%"
"04/07/2023","40,049.65","40,350.89","40,549.86","40,005.04","","-0.75%"
"04/06/2023","40,350.89","39,717.15","40,374.33","39,717.15","","1.60%"
"04/05/2023","39,717.15","39,687.26","39,910.05","39,664.98","","0.08%"
"04/04/2023","39,687.26","39,889.90","39,920.35","39,482.17","","-0.51%"
"04/03/2023","39,889.90","40,000.83","40,077.77","39,860.62","","-0.28%"
"03/31/2023","40,000.83","39,848.35","40,000.83","39,729.44","","0.38%"
"03/30/2023","39,848.35","39,879.89","40,005.07","39,796.69","","-0.08%"
"03/29/2023","39,879.89","40,082.37","40,186.11","39,866.25","","-0.51%"
"03/28/2023","40,082.37","40,000.37","40,203.77","40,000.37","","0.20%"
"03/27/2023","40,000.37","39,942.05","40,066.73","39,845.06","","0.15%"
"03/24/2023","39,942.05","40,376.10","40,440.70","39,922.89","","-1.08%"
"03/22/2023","40,376.10","40,877.98","40,996.72","40,352.71","","-1.23%"
"03/21/2023","40,877.98","40,918.45","40,990.12","40,696.74","","-0.10%"
"03/20/2023","40,918.45","41,329.95","41,398.03","40,909.24","","-1.00%"
"03/17/2023","41,329.95","41,694.09","41,808.88","41,270.81","","-0.87%"
"03/16/2023","41,694.09","41,874.04","42,119.03","41,639.50","","-0.43%"
"03/15/2023","41,874.04","41,816.43","42,010.06","41,607.05","","0.14%"
"03/14/2023","41,816.43","41,856.85","41,953.78","41,705.82","","-0.10%"
"03/13/2023","41,856.85","41,793.87","42,291.77","41,787.35","","0.15%"
"03/10/2023","41,793.87","41,585.54","41,902.02","41,585.54","","0.50%"
"03/09/2023","41,585.54","41,358.93","41,648.08","41,358.93","","0.55%"
"03/08/2023","41,358.93","41,334.69","41,618.66","41,334.69","","0.06%"
"03/07/2023","41,334.69","41,434.33","41,530.19","41,334.69","","-0.24%"
"03/06/2023","41,434.33","41,337.00","41,797.71","41,337.00","","0.24%"
"03/03/2023","41,337.00","40,670.88","41,359.11","40,487.28","","1.64%"
"03/02/2023","40,670.88","40,412.77","40,852.97","40,353.46","","0.64%"
"03/01/2023","40,412.77","40,510.37","40,539.87","40,029.72","","-0.24%"
"02/28/2023","40,510.37","40,784.13","40,810.04","40,436.36","","-0.67%"
"02/27/2023","40,784.13","40,707.76","40,820.09","40,616.60","","0.19%"
"02/24/2023","40,707.76","40,838.51","40,978.46","40,682.46","","-0.32%"
"02/23/2023","40,838.51","41,167.60","41,168.22","40,772.52","","-0.80%"
"02/22/2023","41,167.60","40,949.84","41,212.95","40,923.03","","0.53%"
"02/21/2023","40,949.84","40,673.64","40,966.71","40,673.64","","0.68%"
"02/20/2023","40,673.64","41,118.61","41,162.89","40,623.97","","-1.08%"
"02/17/2023","41,118.61","41,078.65","41,214.07","40,964.98","","0.10%"
"02/16/2023","41,078.65","41,326.86","41,619.20","41,024.78","","-0.60%"
"02/15/2023","41,326.85","41,150.16","41,457.76","40,918.85","","0.43%"
"02/14/2023","41,150.16","41,716.95","41,848.76","41,047.03","","-1.36%"
"02/13/2023","41,716.95","41,741.78","41,991.16","41,644.31","","-0.06%"
"02/10/2023","41,741.78","42,466.59","42,544.47","41,663.22","","-1.71%"
"02/09/2023","42,466.59","41,723.32","42,567.75","41,723.32","","1.78%"
"02/08/2023","41,723.32","41,522.76","41,846.85","41,404.62","","0.48%"
"02/07/2023","41,522.76","41,190.77","41,763.95","41,190.77","","0.81%"
"02/06/2023","41,190.77","40,471.16","41,302.29","40,471.16","","1.78%"
"02/03/2023","40,471.16","40,733.51","40,872.87","40,329.75","","-0.64%"
"02/02/2023","40,733.51","40,619.95","40,826.67","40,444.91","","0.28%"
"02/01/2023","40,619.94","40,673.06","40,985.46","40,611.15","","-0.13%"
"01/31/2023","40,673.06","39,871.27","40,717.26","39,871.27","","2.01%"
"01/30/2023","39,871.27","40,450.53","40,666.96","39,844.39","","-1.43%"
"01/27/2023","40,450.53","40,846.53","41,095.56","40,402.72","","-0.97%"
"01/26/2023","40,846.53","39,784.90","40,994.69","39,784.90","","2.67%"
"01/25/2023","39,784.90","39,055.65","39,945.62","39,055.65","","1.87%"
"01/24/2023","39,055.65","38,443.59","39,091.70","38,443.59","","1.59%"
"01/23/2023","38,443.59","38,407.98","38,553.12","38,135.53","","0.09%"
"01/20/2023","38,407.98","38,831.58","38,982.16","38,291.70","","-1.09%"
"01/19/2023","38,831.58","38,791.09","39,064.90","38,730.30","","0.10%"
"01/18/2023","38,791.09","38,342.21","38,945.97","38,257.56","","1.17%"
"01/17/2023","38,342.21","39,720.75","39,942.28","38,287.81","","-3.47%"
"01/16/2023","39,720.75","40,323.45","40,354.72","39,660.75","","-1.49%"
"01/13/2023","40,323.45","40,803.89","40,803.89","40,195.67","","-1.18%"
"01/12/2023","40,803.89","40,758.20","41,219.67","40,671.34","","0.11%"
"01/11/2023","40,758.20","40,801.51","40,984.67","40,597.35","","-0.11%"
"01/10/2023","40,801.50","40,504.76","40,986.44","40,504.76","","0.73%"
"01/09/2023","40,504.76","41,007.52","41,074.73","40,436.82","","-1.23%"
"01/06/2023","41,007.52","40,716.74","41,097.89","40,684.49","","0.71%"
"01/05/2023","40,716.74","40,539.30","40,790.74","40,539.30","","0.44%"
"01/04/2023","40,539.30","40,630.64","40,896.18","40,497.98","","-0.22%"
"01/03/2023","40,630.64","40,815.90","41,015.92","40,595.58","","-0.45%"
"01/02/2023","40,815.90","40,420.45","41,027.51","40,348.89","","0.98%"
"12/30/2022","40,420.45","39,747.35","40,420.45","39,694.12","","1.69%"
"12/29/2022","39,747.35","39,279.43","39,747.35","39,205.17","","1.19%"
"12/28/2022","39,279.43","39,802.91","39,866.99","39,027.51","","-1.32%"
"12/27/2022","39,802.91","40,155.16","40,315.77","39,705.66","","-0.88%"
"12/26/2022","40,155.16","39,669.20","40,367.43","39,669.20","","1.23%"
"12/23/2022","39,669.20","39,838.33","39,938.32","39,497.73","","-0.42%"
"12/22/2022","39,838.33","39,342.89","39,926.34","39,330.02","","1.26%"
"12/21/2022","39,342.89","39,832.45","40,022.37","39,276.70","","-1.23%"
"12/20/2022","39,832.45","40,970.82","41,037.14","39,533.29","","-2.78%"
"12/19/2022","40,970.82","41,301.48","41,393.37","40,814.95","","-0.80%"
"12/16/2022","41,301.48","41,179.76","41,393.97","41,087.59","","0.30%"
"12/15/2022","41,179.76","41,737.62","41,996.82","41,109.95","","-1.34%"
"12/14/2022","41,737.62","41,714.30","41,873.91","41,542.32","","0.06%"
"12/13/2022","41,714.30","41,540.55","41,770.57","41,512.43","","0.42%"
"12/12/2022","41,540.55","41,698.28","41,784.48","41,511.20","","-0.38%"
"12/09/2022","41,698.28","41,651.61","41,747.57","41,550.70","","0.11%"
"12/08/2022","41,651.61","41,819.29","41,927.37","41,598.94","","-0.40%"
"12/07/2022","41,819.29","41,539.94","41,900.81","41,539.94","","0.67%"
"12/06/2022","41,539.94","41,612.67","41,743.92","41,296.54","","-0.17%"
"12/05/2022","41,612.67","42,150.10","42,248.53","41,514.81","","-1.28%"
"12/02/2022","42,150.10","42,393.52","42,471.19","41,946.49","","-0.57%"
"12/01/2022","42,393.52","42,348.63","42,658.39","42,348.63","","0.11%"
"11/30/2022","42,348.63","42,373.59","42,515.63","42,274.16","","-0.06%"
"11/29/2022","42,373.59","42,071.34","42,438.08","42,042.48","","0.72%"
"11/28/2022","42,071.34","42,936.73","42,936.73","41,963.94","","-2.02%"
"11/25/2022","42,936.73","42,903.65","43,120.54","42,876.24","","0.08%"
"11/24/2022","42,903.65","42,880.31","43,014.60","42,865.38","","0.05%"
"11/23/2022","42,880.31","42,928.62","43,040.58","42,790.25","","-0.11%"
"11/22/2022","42,928.62","42,761.19","43,076.45","42,761.19","","0.39%"
"11/21/2022","42,761.19","42,730.24","42,853.94","42,664.53","","0.07%"
"11/18/2022","42,730.24","42,819.72","42,819.72","42,600.99","","-0.21%"
"11/17/2022","42,819.72","42,983.75","43,099.75","42,769.37","","-0.38%"
"11/16/2022","42,983.75","42,796.85","43,097.57","42,728.67","","0.44%"
"11/15/2022","42,796.85","42,850.83","43,035.78","42,748.71","","-0.13%"
"11/14/2022","42,850.83","43,092.95","43,092.95","42,761.88","","-0.56%"
"11/11/2022","43,092.95","42,901.27","43,120.83","42,805.88","","0.45%"
"11/10/2022","42,901.27","42,265.36","42,959.28","42,265.36","","1.50%"
"11/08/2022","42,265.36","42,047.36","42,313.64","42,047.36","","0.52%"
"11/07/2022","42,047.36","41,856.31","42,207.42","41,856.31","","0.46%"
"11/04/2022","41,856.31","42,090.71","42,090.71","41,720.90","","-0.56%"
"11/03/2022","42,090.71","41,944.59","42,173.46","41,887.51","","0.35%"
"11/02/2022","41,944.59","41,808.69","42,004.90","41,727.15","","0.33%"
"11/01/2022","41,808.69","41,264.66","41,833.43","41,264.66","","1.32%"
"10/31/2022","41,264.66","41,140.34","41,375.40","41,140.34","","0.30%"
"10/28/2022","41,140.33","41,602.86","41,641.51","41,115.21","","-1.11%"
"10/27/2022","41,602.85","41,540.03","41,711.66","41,318.66","","0.15%"
"10/26/2022","41,540.03","42,190.02","42,190.02","41,490.13","","-1.54%"
"10/25/2022","42,190.02","42,347.23","42,523.51","42,156.68","","-0.37%"
"10/24/2022","42,347.23","42,213.48","42,672.34","42,213.48","","0.32%"
"10/21/2022","42,213.48","42,137.04","42,245.51","41,793.64","","0.18%"
"10/20/2022","42,137.04","42,226.05","42,422.22","42,097.31","","-0.21%"
"10/19/2022","42,226.05","41,839.27","42,265.22","41,839.27","","0.92%"
"10/18/2022","41,839.26","41,755.45","42,007.23","41,755.45","","0.20%"
"10/17/2022","41,755.45","41,948.50","41,988.50","41,725.96","","-0.46%"
"10/14/2022","41,948.50","42,085.72","42,237.29","41,897.05","","-0.33%"
"10/13/2022","42,085.72","42,007.14","42,121.40","41,900.85","","0.19%"
"10/12/2022","42,007.14","42,155.48","42,195.36","41,950.98","","-0.35%"
"10/11/2022","42,155.48","42,211.64","42,410.83","42,053.81","","-0.13%"
"10/10/2022","42,211.64","42,085.25","42,441.29","42,071.67","","0.30%"
"10/07/2022","42,085.25","42,160.57","42,389.20","41,992.11","","-0.18%"
"10/06/2022","42,160.57","41,611.42","42,201.55","41,611.42","","1.32%"
"10/05/2022","41,611.42","41,350.43","41,668.46","41,350.43","","0.63%"
"10/04/2022","41,350.43","41,211.70","41,587.73","41,211.70","","0.34%"
"10/03/2022","41,211.70","41,128.67","41,403.73","41,090.52","","0.20%"
"09/30/2022","41,128.67","41,013.86","41,134.99","40,753.94","","0.28%"
"09/29/2022","41,013.86","41,435.13","41,435.13","40,910.82","","-1.02%"
"09/28/2022","41,435.13","41,518.23","41,820.95","41,391.18","","-0.20%"
"09/27/2022","41,518.23","41,151.54","41,589.89","41,151.54","","0.89%"
"09/26/2022","41,151.54","40,620.21","41,196.63","40,620.21","","1.31%"
"09/23/2022","40,620.21","40,927.95","41,128.83","40,514.33","","-0.75%"
"09/22/2022","40,927.95","40,965.58","40,986.95","40,417.92","","-0.09%"
"09/21/2022","40,965.58","41,220.91","41,357.75","40,871.82","","-0.62%"
"09/20/2022","41,220.91","41,520.59","41,642.02","41,078.71","","-0.72%"
"09/19/2022","41,520.59","41,679.49","41,896.62","41,504.64","","-0.38%"
"09/16/2022","41,679.49","41,772.09","41,916.86","41,603.48","","-0.22%"
"09/15/2022","41,772.09","42,011.82","42,311.63","41,724.81","","-0.39%"
"09/14/2022","41,937.62","42,001.34","42,084.45","41,912.84","","-0.15%"
"09/13/2022","42,001.34","41,862.29","42,092.72","41,862.29","","0.33%"
"09/12/2022","41,862.29","41,948.16","42,137.80","41,812.93","","-0.20%"
"09/09/2022","41,948.16","41,824.79","42,099.54","41,815.49","","0.29%"
"09/08/2022","41,824.79","41,766.05","41,936.93","41,676.94","","0.14%"
"09/07/2022","41,766.05","41,860.36","42,064.94","41,703.95","","-0.23%"
"09/06/2022","41,860.36","41,859.30","41,927.05","41,684.01","","0.00%"
"09/05/2022","41,859.30","42,309.11","42,388.34","41,859.10","","-1.06%"
"09/02/2022","42,309.11","42,460.08","42,568.66","42,238.22","","-0.36%"
"09/01/2022","42,460.08","42,351.15","42,667.53","42,351.15","","0.26%"
"08/31/2022","42,351.15","42,195.26","42,472.14","42,079.05","","0.37%"
"08/30/2022","42,195.25","42,504.34","43,052.27","42,106.02","","-0.73%"
"08/29/2022","42,504.34","42,591.51","42,591.51","41,828.13","","-0.20%"
"08/26/2022","42,591.51","43,032.57","43,201.21","42,547.72","","-1.02%"
"08/25/2022","43,032.57","43,337.97","43,457.55","42,961.10","","-0.70%"
"08/24/2022","43,337.97","43,366.77","43,684.11","43,299.48","","-0.07%"
"08/23/2022","43,366.78","42,826.66","43,419.59","42,826.66","","1.26%"
"08/22/2022","42,826.66","43,270.65","43,314.19","42,787.86","","-1.03%"
"08/19/2022","43,270.65","43,481.50","43,531.65","43,232.95","","-0.48%"
"08/18/2022","43,481.50","43,676.56","43,879.23","43,390.33","","-0.45%"
"08/17/2022","43,676.56","43,436.48","43,736.43","43,389.48","","0.55%"
"08/16/2022","43,436.48","43,621.82","43,887.62","43,379.79","","-0.42%"
"08/15/2022","43,621.82","42,857.57","43,659.04","42,857.57","","1.78%"
"08/12/2022","42,857.57","42,243.33","42,874.22","42,243.33","","1.45%"
"08/11/2022","42,243.33","42,494.85","42,678.94","42,215.73","","-0.59%"
"08/10/2022","42,494.85","42,096.24","42,776.47","42,096.24","","0.95%"
"08/05/2022","42,096.24","41,425.37","42,168.08","41,425.37","","1.62%"
"08/04/2022","41,425.37","41,068.87","41,609.90","41,068.87","","0.87%"
"08/03/2022","41,068.87","40,191.61","41,208.09","40,191.61","","2.18%"
"08/02/2022","40,191.61","40,075.96","40,458.09","39,762.50","","0.29%"
"08/01/2022","40,075.96","40,150.36","40,380.64","40,070.67","","-0.19%"
"07/29/2022","40,150.36","40,276.64","40,420.57","40,026.86","","-0.31%"
"07/28/2022","40,276.64","39,972.64","40,623.60","39,972.64","","0.76%"
"07/27/2022","39,972.64","39,894.05","40,097.19","39,605.10","","0.20%"
"07/26/2022","39,894.05","39,844.02","40,135.44","39,712.94","","0.13%"
"07/25/2022","39,844.02","40,077.30","40,077.30","39,720.80","","-0.58%"
"07/22/2022","40,077.30","39,831.75","40,180.78","39,541.09","","0.62%"
"07/21/2022","39,831.75","40,459.70","40,577.06","39,801.21","","-1.55%"
"07/20/2022","40,459.70","40,389.07","40,533.60","40,135.38","","0.17%"
"07/19/2022","40,389.07","41,367.11","41,551.53","40,216.38","","-2.36%"
"07/18/2022","41,367.11","42,074.91","42,074.91","41,275.08","","-1.68%"
"07/15/2022","42,074.91","42,348.91","42,499.48","42,027.37","","-0.65%"
"07/14/2022","42,348.91","41,862.77","42,362.91","41,862.77","","1.16%"
"07/13/2022","41,862.77","41,344.01","41,971.83","41,223.97","","1.25%"
"07/07/2022","41,344.01","41,159.79","41,396.57","41,009.64","","0.45%"
"07/06/2022","41,159.79","41,102.57","41,334.90","41,102.57","","0.14%"
"07/05/2022","41,102.57","41,348.19","41,458.08","41,068.60","","-0.59%"
"07/04/2022","41,348.19","41,630.35","41,685.69","41,323.42","","-0.68%"
"07/01/2022","41,630.35","41,540.83","41,744.86","41,538.49","","0.22%"
"06/30/2022","41,540.83","41,297.73","41,559.31","41,220.49","","0.59%"
"06/29/2022","41,297.73","41,765.62","41,813.62","41,119.19","","-1.12%"
"06/28/2022","41,765.62","41,878.57","42,149.29","41,614.60","","-0.27%"
"06/27/2022","41,878.57","41,051.79","41,949.93","41,051.79","","2.01%"
"06/24/2022","41,051.79","42,716.97","42,782.34","40,555.41","","-3.90%"
"06/23/2022","42,716.97","42,458.14","42,983.41","42,458.14","","0.61%"
"06/22/2022","42,458.14","42,525.95","42,880.17","42,408.17","","-0.16%"
"06/21/2022","42,525.95","41,776.98","42,564.79","41,745.27","","1.79%"
"06/20/2022","41,776.98","42,140.76","42,357.92","41,740.12","","-0.86%"
"06/17/2022","42,140.76","41,730.16","42,420.64","41,730.16","","0.98%"
"06/16/2022","41,730.16","41,438.79","41,764.19","41,322.89","","0.70%"
"06/15/2022","41,438.79","41,054.68","41,534.99","41,054.68","","0.94%"
"06/14/2022","41,054.68","40,879.93","41,115.72","40,657.88","","0.43%"
"06/13/2022","40,879.93","42,014.73","42,069.65","40,834.97","","-2.70%"
"06/10/2022","42,014.73","41,735.96","42,076.14","41,715.05","","0.67%"
"06/09/2022","41,735.96","41,553.16","41,994.62","41,553.16","","0.44%"
"06/08/2022","41,553.16","41,568.41","41,620.35","41,391.53","","-0.04%"
"06/07/2022","41,568.41","41,577.21","41,854.25","41,524.07","","-0.02%"
"06/06/2022","41,577.21","41,314.88","41,674.10","41,031.91","","0.63%"
"06/03/2022","41,314.88","42,237.91","42,237.91","41,229.43","","-2.19%"
"06/02/2022","42,237.91","42,756.04","42,822.77","42,132.98","","-1.21%"
"06/01/2022","42,756.04","43,078.14","43,148.77","42,723.51","","-0.75%"
"05/31/2022","43,078.14","43,040.14","43,339.22","43,018.40","","0.09%"
"05/30/2022","43,040.14","42,861.45","43,257.78","42,861.45","","0.42%"
"05/27/2022","42,861.45","42,541.71","43,554.75","42,541.71","","0.75%"
"05/26/2022","42,541.71","42,012.66","42,607.43","41,904.46","","1.26%"
"05/25/2022","42,012.66","41,950.32","42,128.41","41,356.02","","0.15%"
"05/24/2022","41,950.32","42,440.25","42,637.54","41,915.98","","-1.15%"
"05/23/2022","42,440.25","43,100.71","43,100.71","42,345.08","","-1.53%"
"05/20/2022","43,100.70","42,983.45","43,185.80","42,938.60","","0.27%"
"05/19/2022","42,983.45","43,026.88","43,256.32","42,938.75","","-0.10%"
"05/18/2022","43,026.88","42,726.06","43,161.43","42,509.55","","0.70%"
"05/17/2022","42,726.06","42,667.32","42,883.86","42,607.15","","0.14%"
"05/16/2022","42,667.32","43,486.46","43,486.46","42,375.39","","-1.88%"
"05/13/2022","43,486.46","42,898.44","43,505.75","42,853.80","","1.37%"
"05/12/2022","42,898.44","42,863.15","43,032.50","42,273.27","","0.08%"
"05/11/2022","42,863.15","43,504.36","43,649.59","42,394.32","","-1.47%"
"05/10/2022","43,504.36","43,393.14","43,647.55","43,262.69","","0.26%"
"05/09/2022","43,393.14","44,840.81","44,841.41","43,233.21","","-3.23%"
"05/06/2022","44,840.81","45,249.41","45,249.41","44,784.42","","-0.90%"
"04/28/2022","45,249.41","45,533.30","45,533.30","44,656.96","","-0.62%"
"04/27/2022","45,533.30","45,817.68","45,958.37","45,482.50","","-0.62%"
"04/26/2022","45,817.67","46,073.25","46,184.55","45,782.89","","-0.55%"
"04/25/2022","46,073.25","45,553.02","46,203.59","45,553.02","","1.14%"
"04/22/2022","45,553.02","45,652.62","45,774.85","45,505.07","","-0.22%"
"04/21/2022","45,652.62","45,943.16","46,067.18","45,599.96","","-0.63%"
"04/20/2022","45,943.16","46,333.36","46,586.06","45,891.14","","-0.84%"
"04/19/2022","46,333.36","46,539.59","46,746.24","46,275.64","","-0.44%"
"04/18/2022","46,539.59","46,776.58","46,969.46","46,428.95","","-0.13%"
"04/15/2022","46,601.54","46,484.43","46,785.59","46,484.43","","0.25%"
"04/14/2022","46,484.43","46,165.50","46,510.11","46,054.36","","0.69%"
"04/13/2022","46,165.50","46,407.26","46,643.05","46,062.27","","-0.52%"
"04/12/2022","46,407.26","46,144.96","46,459.26","45,896.46","","0.57%"
"04/11/2022","46,144.96","44,444.58","46,215.54","44,444.58","","3.83%"
"04/08/2022","44,444.58","43,786.83","44,501.55","43,786.83","","1.50%"
"04/07/2022","43,786.83","44,111.10","44,349.59","43,751.75","","-0.74%"
"04/06/2022","44,111.10","43,928.08","44,377.92","43,928.08","","0.42%"
"04/05/2022","43,928.08","43,902.04","44,289.83","43,784.03","","0.06%"
"04/04/2022","43,902.04","45,152.11","45,152.11","43,824.08","","-2.77%"
"04/01/2022","45,152.11","44,928.83","45,396.14","44,654.95","","0.50%"
"03/31/2022","44,928.83","44,337.56","44,928.83","44,337.56","","1.33%"
"03/30/2022","44,337.56","44,438.70","44,444.98","43,975.67","","-0.23%"
"03/29/2022","44,438.70","43,933.56","44,478.58","43,933.56","","1.15%"
"03/28/2022","43,933.56","43,551.15","43,933.56","43,291.01","","0.88%"
"03/25/2022","43,551.14","43,522.55","43,686.35","43,375.51","","0.07%"
"03/24/2022","43,522.55","43,203.79","43,569.67","42,936.06","","0.74%"
"03/22/2022","43,203.79","43,230.22","43,398.44","43,164.20","","-0.06%"
"03/21/2022","43,230.22","43,029.97","43,388.18","43,029.97","","0.47%"
"03/18/2022","43,029.97","43,807.23","43,807.23","42,990.55","","-1.77%"
"03/17/2022","43,807.23","43,975.69","44,187.00","43,798.16","","-0.38%"
"03/16/2022","43,975.69","43,719.82","44,281.27","43,719.82","","0.59%"
"03/15/2022","43,719.82","43,366.89","43,793.57","43,326.76","","0.81%"
"03/14/2022","43,366.89","43,653.33","43,767.77","43,324.94","","-0.66%"
"03/11/2022","43,653.33","43,853.62","43,966.27","43,596.16","","-0.46%"
"03/10/2022","43,853.62","43,042.96","43,921.82","43,042.96","","1.88%"
"03/09/2022","43,042.96","42,878.35","43,217.19","42,865.81","","0.38%"
"03/08/2022","42,878.35","43,266.97","43,426.72","42,788.53","","-0.90%"
"03/07/2022","43,266.97","44,551.35","44,551.35","43,050.88","","-2.88%"
"03/04/2022","44,551.35","44,525.72","44,723.19","44,461.06","","0.06%"
"03/03/2022","44,525.72","44,514.12","44,705.74","44,311.80","","0.03%"
"03/02/2022","44,514.12","44,803.58","44,803.58","44,133.88","","-0.65%"
"03/01/2022","44,803.58","44,461.01","45,016.65","44,461.01","","0.77%"
"02/28/2022","44,461.01","43,984.24","44,557.10","43,646.08","","1.08%"
"02/25/2022","43,984.24","43,830.51","44,192.52","43,805.73","","0.35%"
"02/24/2022","43,830.51","45,132.92","45,132.92","43,791.31","","-2.89%"
"02/23/2022","45,132.92","45,012.18","45,235.21","44,756.23","","0.27%"
"02/22/2022","45,012.18","45,362.85","45,362.85","44,698.45","","-0.77%"
"02/21/2022","45,362.85","45,675.87","45,742.83","45,342.06","","-0.69%"
"02/18/2022","45,675.87","45,441.10","45,705.50","45,441.10","","0.52%"
"02/17/2022","45,441.10","45,684.80","45,716.89","45,258.85","","-0.53%"
"02/16/2022","45,684.80","45,731.70","45,904.63","45,603.93","","-0.10%"
"02/15/2022","45,731.70","45,644.09","45,804.00","45,502.81","","0.19%"
"02/14/2022","45,644.09","46,079.37","46,133.87","45,507.45","","-0.94%"
"02/11/2022","46,079.37","45,940.04","46,143.91","45,838.75","","0.30%"
"02/10/2022","45,940.04","46,339.76","46,464.38","45,936.74","","-0.86%"
"02/09/2022","46,339.76","45,947.95","46,405.86","45,947.95","","0.85%"
"02/08/2022","45,947.95","45,841.25","46,040.61","45,727.64","","0.23%"
"02/07/2022","45,841.25","45,909.65","46,139.82","45,799.67","","-0.15%"
"02/04/2022","45,909.65","45,862.93","46,129.46","45,814.64","","0.10%"
"02/03/2022","45,862.93","46,119.15","46,387.64","45,818.04","","-0.56%"
"02/02/2022","46,119.15","45,674.50","46,139.50","45,674.50","","0.97%"
"02/01/2022","45,674.50","45,374.68","45,754.17","45,374.68","","0.66%"
"01/31/2022","45,374.68","45,077.91","45,462.62","45,077.91","","0.66%"
"01/28/2022","45,077.91","45,083.04","45,312.05","45,042.25","","-0.01%"
"01/27/2022","45,083.04","44,955.05","45,179.89","44,955.05","","0.28%"
"01/26/2022","44,955.05","44,887.77","45,030.45","44,712.65","","0.15%"
"01/25/2022","44,887.77","44,923.91","45,255.43","44,846.03","","-0.08%"
"01/24/2022","44,923.91","45,018.28","45,044.51","44,797.42","","-0.21%"
"01/21/2022","45,018.28","44,825.97","45,149.19","44,755.74","","0.43%"
"01/20/2022","44,825.97","44,833.43","44,875.44","44,275.23","","-0.02%"
"01/19/2022","44,833.43","45,507.41","45,575.77","44,734.24","","-1.48%"
"01/18/2022","45,507.41","45,612.20","45,758.10","45,469.46","","-0.23%"
"01/17/2022","45,612.20","45,763.30","45,763.30","45,385.97","","-0.33%"
"01/14/2022","45,763.45","45,763.20","45,987.88","45,734.30","","0.00%"
"01/13/2022","45,763.20","45,916.25","46,002.77","45,693.80","","-0.33%"
"01/12/2022","45,916.25","45,881.13","46,220.40","45,872.48","","0.08%"
"01/11/2022","45,881.13","45,887.63","46,057.24","45,524.23","","-0.01%"
"01/10/2022","45,887.63","45,345.65","45,967.29","45,206.00","","1.20%"
"01/07/2022","45,345.65","45,082.30","45,364.19","44,968.90","","0.58%"
"01/06/2022","45,082.30","45,407.89","45,407.89","45,021.32","","-0.72%"
"01/05/2022","45,407.89","45,390.84","45,438.16","45,241.45","","0.04%"
"01/04/2022","45,390.84","44,886.89","45,406.08","44,886.89","","1.12%"
"01/03/2022","44,886.89","44,596.07","44,905.35","44,509.57","","0.65%"
"12/31/2021","44,596.07","44,416.20","44,646.49","44,307.27","","0.40%"
"12/30/2021","44,416.20","44,260.11","44,589.28","44,260.11","","0.35%"
"12/29/2021","44,260.11","44,043.74","44,264.84","43,941.64","","0.49%"
"12/28/2021","44,043.74","43,913.44","44,117.17","43,906.41","","0.30%"
"12/27/2021","43,913.44","44,118.39","44,167.58","43,846.95","","-0.46%"
"12/24/2021","44,118.39","44,266.90","44,467.85","44,041.52","","-0.34%"
"12/23/2021","44,266.90","44,174.97","44,446.99","44,108.69","","0.21%"
"12/22/2021","44,174.97","44,177.07","44,292.91","44,091.20","","0.00%"
"12/21/2021","44,177.07","44,339.95","44,594.66","44,122.13","","-0.37%"
"12/20/2021","44,339.95","43,900.68","44,484.76","43,808.84","","1.00%"
"12/17/2021","43,900.68","43,731.20","44,003.75","43,556.61","","0.39%"
"12/16/2021","43,731.20","44,366.86","44,392.54","43,607.80","","-1.43%"
"12/15/2021","44,366.86","43,246.71","44,507.47","43,246.71","","2.59%"
"12/14/2021","43,246.71","42,876.37","43,265.80","42,715.42","","0.86%"
"12/13/2021","42,876.37","43,395.78","43,478.61","42,806.68","","-1.20%"
"12/10/2021","43,395.78","43,518.84","43,606.41","43,044.99","","-0.28%"
"12/09/2021","43,518.84","43,846.87","43,996.62","43,273.76","","-0.75%"
"12/08/2021","43,846.87","43,853.49","44,139.22","43,653.06","","-0.02%"
"12/07/2021","43,853.49","43,280.77","44,066.16","43,280.77","","1.32%"
"12/06/2021","43,280.77","43,232.83","43,547.95","42,972.02","","0.11%"
"12/03/2021","43,232.83","43,234.15","43,590.52","42,752.76","","0.00%"
"12/02/2021","43,234.15","45,369.14","45,369.14","43,087.47","","-4.71%"
"12/01/2021","45,369.14","45,072.38","45,459.83","45,072.38","","0.66%"
"11/30/2021","45,072.38","45,330.05","45,757.60","44,727.96","","-0.57%"
"11/29/2021","45,330.05","44,114.16","45,416.99","43,933.50","","2.76%"
"11/26/2021","44,114.16","43,935.75","44,333.71","43,736.43","","0.41%"
"11/25/2021","43,935.75","44,363.70","44,516.82","43,735.65","","-0.96%"
"11/24/2021","44,363.70","44,948.52","44,983.91","44,210.99","","-1.30%"
"11/23/2021","44,948.52","45,745.00","45,915.61","44,881.15","","-1.74%"
"11/22/2021","45,745.00","46,489.41","46,599.19","45,716.60","","-1.60%"
"11/19/2021","46,489.41","46,110.50","46,601.79","46,001.41","","0.82%"
"11/18/2021","46,110.50","46,194.42","46,292.57","45,728.42","","-0.18%"
"11/17/2021","46,194.42","46,542.91","46,655.90","46,071.98","","-0.75%"
"11/16/2021","46,542.91","45,736.26","46,623.76","45,736.26","","1.76%"
"11/15/2021","45,736.26","45,749.15","45,910.96","45,544.99","","-0.03%"
"11/12/2021","45,749.15","46,348.18","46,409.11","45,717.21","","-1.29%"
"11/11/2021","46,348.18","46,629.88","46,843.69","46,323.59","","-0.60%"
"11/10/2021","46,629.88","46,399.91","46,755.32","46,399.91","","0.50%"
"11/09/2021","46,399.91","47,115.04","47,174.49","46,306.91","","-1.52%"
"11/08/2021","47,115.04","47,295.80","47,442.57","47,020.85","","-0.38%"
"11/05/2021","47,295.80","47,219.18","47,608.46","47,184.15","","0.16%"
"11/04/2021","47,219.18","47,032.44","47,242.82","46,936.48","","0.40%"
"11/03/2021","47,032.44","47,112.92","47,317.27","46,968.41","","-0.17%"
"11/02/2021","47,112.92","46,974.78","47,314.75","46,974.78","","0.36%"
"11/01/2021","46,946.21","46,184.71","47,251.71","46,184.71","","1.57%"
"10/29/2021","46,218.93","45,980.40","46,292.03","45,681.59","138.13M","0.50%"
"10/28/2021","45,990.73","45,865.92","46,061.63","45,765.76","95.42M","0.30%"
"10/27/2021","45,851.04","45,544.03","46,024.76","45,537.46","88.03M","1.31%"
"10/26/2021","45,255.98","45,483.54","45,516.78","45,213.63","69.35M","-0.38%"
"10/25/2021","45,429.22","45,608.03","45,655.25","45,308.07","48.92M","-0.33%"
"10/22/2021","45,578.36","45,821.40","46,037.95","45,180.72","","-0.53%"
"10/21/2021","45,821.40","45,499.46","46,164.48","45,481.99","","0.71%"
"10/20/2021","45,499.46","44,629.45","45,563.61","44,629.45","","1.95%"
"10/18/2021","44,629.45","44,821.53","44,990.11","44,442.28","","-0.43%"
"10/15/2021","44,821.53","44,333.68","44,834.83","44,197.14","","1.10%"
"10/14/2021","44,333.68","43,221.78","44,431.65","43,046.25","","2.57%"
"10/13/2021","43,221.78","43,883.08","44,172.74","43,067.61","","-1.51%"
"10/12/2021","43,883.08","43,829.35","44,051.16","43,149.28","","0.12%"
"10/11/2021","43,829.35","44,477.24","44,544.10","43,718.37","","-1.46%"
"10/08/2021","44,477.23","44,586.05","44,670.50","44,338.17","","-0.24%"
"10/07/2021","44,586.04","44,373.23","44,947.38","44,373.23","","0.48%"
"10/06/2021","44,373.23","44,666.57","44,795.20","44,284.55","","-0.66%"
"10/05/2021","44,666.57","45,044.50","45,101.36","44,593.75","","-0.84%"
"10/04/2021","45,044.50","44,871.70","45,105.04","44,561.82","","0.39%"
"10/01/2021","44,871.70","44,899.60","45,003.26","44,599.61","","-0.06%"
"09/30/2021","44,899.60","44,366.74","44,899.60","43,972.09","","1.20%"
"09/29/2021","44,366.74","45,274.93","45,342.26","43,975.04","","-2.01%"
"09/28/2021","45,274.93","44,817.76","45,294.37","44,747.22","","1.02%"
"09/27/2021","44,817.76","45,073.52","45,236.48","44,341.51","","-0.57%"
"09/24/2021","45,073.52","45,296.88","45,424.26","44,861.09","","-0.49%"
"09/23/2021","45,296.88","45,597.24","45,939.39","45,083.51","","-0.66%"
"09/22/2021","45,597.24","46,008.85","46,031.89","44,788.17","","-0.89%"
"09/21/2021","46,008.85","46,528.21","46,833.14","45,778.19","","-1.12%"
"09/20/2021","46,528.21","46,636.08","46,691.23","46,215.18","","-0.23%"
"09/17/2021","46,636.08","46,920.46","47,181.74","46,555.87","","-0.61%"
"09/16/2021","46,920.46","46,716.72","46,958.37","46,623.41","","0.44%"
"09/15/2021","46,716.72","46,891.34","46,952.31","46,505.13","","-0.37%"
"09/14/2021","46,891.34","47,270.46","47,387.34","46,607.21","","-0.80%"
"09/13/2021","47,270.46","47,198.29","47,369.98","47,168.75","","0.15%"
"09/10/2021","47,198.29","46,625.12","47,226.11","46,625.12","","1.23%"
"09/09/2021","46,625.12","46,396.71","46,665.48","46,396.71","","0.49%"
"09/08/2021","46,396.71","46,729.96","46,875.49","46,309.86","","-0.71%"
"09/07/2021","46,729.96","46,918.52","46,994.84","46,617.98","","-0.40%"
"09/06/2021","46,918.52","46,957.47","47,087.30","46,888.95","","-0.08%"
"09/03/2021","46,957.47","46,903.06","47,113.42","46,879.28","","0.12%"
"09/02/2021","46,903.06","47,413.46","47,489.40","46,874.64","","-1.08%"
"09/01/2021","47,413.46","47,419.74","47,628.59","47,355.14","","-0.01%"
"08/31/2021","47,419.74","47,365.70","47,596.04","47,349.49","","0.11%"
"08/30/2021","47,365.70","47,136.53","47,468.14","47,136.53","","0.49%"
"08/27/2021","47,136.53","47,363.27","47,392.24","46,869.10","","-0.48%"
"08/26/2021","47,363.27","47,635.90","47,759.50","47,262.11","","-0.57%"
"08/25/2021","47,635.90","47,828.71","47,916.76","47,617.93","","-0.40%"
"08/24/2021","47,828.71","48,112.21","48,114.95","47,739.53","","-0.59%"
"08/23/2021","48,112.21","47,599.82","48,144.89","47,599.82","","1.08%"
"08/20/2021","47,599.82","47,258.45","47,644.34","47,258.45","","0.72%"
"08/17/2021","47,258.45","46,912.79","47,274.52","46,912.79","","0.74%"
"08/16/2021","46,912.79","47,169.84","47,173.03","46,672.19","","-0.54%"
"08/13/2021","47,169.84","47,270.76","47,320.31","47,123.38","","-0.21%"
"08/12/2021","47,270.76","47,377.38","47,555.99","47,175.00","","-0.23%"
"08/11/2021","47,377.38","47,135.48","47,627.59","47,135.48","","0.51%"
"08/10/2021","47,135.48","47,123.62","47,272.88","46,928.16","","0.03%"
"08/09/2021","47,123.62","47,489.95","47,625.42","47,053.86","","-0.77%"
"08/06/2021","47,489.95","47,640.88","47,752.77","47,425.03","","-0.32%"
"08/05/2021","47,640.88","47,789.88","47,896.39","47,582.77","","-0.31%"
"08/04/2021","47,789.88","47,758.32","47,980.12","47,709.38","","0.07%"
"08/03/2021","47,758.32","47,453.25","47,808.63","47,453.25","","0.64%"
"08/02/2021","47,453.25","47,055.29","47,508.74","47,047.14","","0.85%"
"07/30/2021","47,055.29","47,312.33","47,642.79","46,925.16","","-0.54%"
"07/29/2021","47,312.33","47,318.03","47,353.91","46,955.10","","-0.01%"
"07/28/2021","47,318.03","47,686.99","47,870.56","47,241.55","","-0.77%"
"07/27/2021","47,686.99","47,672.68","47,910.12","47,616.73","","0.03%"
"07/26/2021","47,672.68","47,793.07","47,930.54","47,606.89","","-0.25%"
"07/23/2021","47,793.07","47,873.26","47,946.45","47,686.50","","-0.17%"
"07/19/2021","47,873.26","47,834.33","48,006.44","47,751.38","","0.08%"
"07/16/2021","47,834.33","47,628.26","47,889.70","47,627.61","","0.43%"
"07/15/2021","47,628.26","47,491.47","47,737.38","47,388.42","","0.29%"
"07/14/2021","47,491.47","47,480.49","47,594.66","47,442.19","","0.02%"
"07/13/2021","47,480.49","47,447.08","47,586.07","47,439.89","","0.07%"
"07/12/2021","47,447.08","47,563.45","47,715.28","47,407.85","","-0.24%"
"07/09/2021","47,563.45","48,053.17","48,053.17","47,544.08","","-1.02%"
"07/08/2021","48,053.17","47,247.92","48,053.17","47,247.92","","1.70%"
"07/07/2021","47,247.92","47,346.16","47,375.36","47,034.95","","-0.21%"
"07/06/2021","47,346.16","47,429.12","47,665.41","47,242.52","","-0.17%"
"07/05/2021","47,429.12","47,686.18","47,739.50","47,375.13","","-0.54%"
"07/02/2021","47,686.18","47,800.57","48,079.85","47,637.76","","-0.24%"
"07/01/2021","47,800.57","47,356.02","47,843.34","47,356.02","","0.94%"
"06/30/2021","47,356.02","47,137.77","47,460.31","47,137.77","","0.46%"
"06/29/2021","47,137.77","47,002.35","47,508.77","46,986.47","","0.29%"
"06/28/2021","47,002.35","47,603.36","47,662.35","46,902.38","","-1.47%"
"06/25/2021","47,703.94","47,962.54","48,040.10","47,476.38","","-0.54%"
"06/24/2021","47,962.54","47,900.70","48,118.23","47,897.39","","0.13%"
"06/23/2021","47,900.70","47,987.14","48,134.94","47,873.14","","-0.18%"
"06/22/2021","47,987.14","48,012.52","48,154.56","47,931.78","","-0.05%"
"06/21/2021","48,012.52","48,238.67","48,370.42","47,963.97","","-0.47%"
"06/18/2021","48,238.67","48,157.63","48,411.87","48,022.72","","0.22%"
"06/17/2021","48,131.25","48,480.90","48,544.65","48,115.84","","-0.72%"
"06/16/2021","48,480.90","48,632.56","48,878.20","48,431.96","","-0.31%"
"06/15/2021","48,632.56","48,726.08","48,841.47","48,511.58","","-0.19%"
"06/14/2021","48,726.08","48,304.72","48,976.09","48,304.72","","0.87%"
"06/11/2021","48,304.72","48,251.49","48,531.40","48,245.40","","0.11%"
"06/10/2021","48,251.49","47,777.62","48,287.52","47,777.62","","0.99%"
"06/09/2021","47,777.62","48,147.98","48,311.92","47,725.94","","-0.77%"
"06/08/2021","48,147.98","48,302.66","48,409.88","48,000.26","","-0.32%"
"06/07/2021","48,302.66","48,211.70","48,632.95","48,211.70","","0.19%"
"06/04/2021","48,211.70","48,093.53","48,426.53","48,093.53","","0.25%"
"06/03/2021","48,093.53","48,126.90","48,434.40","48,010.32","","-0.07%"
"06/02/2021","48,126.90","48,191.26","48,286.46","47,960.46","","-0.13%"
"06/01/2021","48,191.26","47,896.34","48,226.56","47,896.34","","0.62%"
"05/31/2021","47,896.34","47,126.29","47,979.68","47,126.29","","1.63%"
"05/28/2021","47,126.29","46,790.75","47,246.50","46,698.23","","0.72%"
"05/27/2021","46,790.75","46,812.31","47,204.13","46,675.69","","-0.05%"
"05/26/2021","46,812.31","46,300.66","46,856.27","46,300.66","","1.11%"
"05/25/2021","46,300.66","46,097.11","46,369.19","46,048.84","","0.44%"
"05/24/2021","46,097.11","45,914.98","46,314.83","45,914.98","","0.40%"
"05/21/2021","45,914.98","45,574.07","45,948.11","45,560.13","","0.75%"
"05/20/2021","45,574.07","45,682.11","45,831.12","45,518.74","","-0.24%"
"05/19/2021","45,682.11","45,981.82","45,981.82","45,612.88","","-0.65%"
"05/18/2021","45,981.82","45,796.31","46,033.92","45,618.78","","0.41%"
"05/17/2021","45,796.31","45,174.67","45,806.98","45,174.67","","1.38%"
"05/06/2021","45,174.67","44,943.61","45,243.83","44,889.59","","0.51%"
"05/05/2021","44,943.61","44,563.59","45,173.61","44,563.59","","0.85%"
"05/04/2021","44,563.59","44,076.20","44,620.41","44,076.20","","1.11%"
"05/03/2021","44,076.20","44,262.35","44,326.01","43,630.07","","-0.42%"
"04/30/2021","44,262.35","44,863.11","45,056.90","44,151.69","","-1.34%"
"04/29/2021","44,863.11","45,059.12","45,143.34","44,781.30","","-0.44%"
"04/28/2021","45,059.12","45,292.87","45,588.94","45,020.83","","-0.52%"
"04/27/2021","45,292.87","45,682.77","45,937.68","45,169.80","","-0.85%"
"04/26/2021","45,682.77","44,706.76","45,952.45","44,389.68","","2.18%"
"04/23/2021","44,706.76","44,929.61","44,929.61","44,363.40","","-0.50%"
"04/22/2021","44,929.61","45,306.54","45,496.82","44,882.75","","-0.83%"
"04/21/2021","45,306.54","45,399.78","45,626.88","45,226.18","","-0.21%"
"04/20/2021","45,399.78","44,913.57","45,558.13","44,913.57","","1.08%"
"04/19/2021","44,913.57","45,305.63","45,305.63","44,611.83","","-0.87%"
"04/16/2021","45,305.63","45,230.18","45,471.35","45,230.18","","0.17%"
"04/15/2021","45,230.18","45,311.22","45,447.49","45,174.89","","-0.18%"
"04/14/2021","45,311.22","45,048.57","45,347.40","45,048.57","","0.58%"
"04/13/2021","45,048.57","45,009.78","45,133.41","44,887.03","","0.16%"
"04/12/2021","44,978.05","45,186.48","45,267.06","44,758.34","","-0.46%"
"04/09/2021","45,186.48","44,741.36","45,249.61","44,741.36","","0.99%"
"04/08/2021","44,741.36","43,953.58","44,759.37","43,953.58","","1.79%"
"04/07/2021","43,953.58","44,404.70","44,571.91","43,758.05","","-1.02%"
"04/06/2021","44,404.70","43,548.21","44,478.24","43,548.21","","1.97%"
"04/05/2021","43,548.21","44,300.95","44,431.24","43,471.19","","-1.70%"
"04/02/2021","44,300.95","44,428.10","44,609.28","44,197.90","","-0.29%"
"04/01/2021","44,428.10","44,587.85","44,877.46","44,334.22","","-0.36%"
"03/31/2021","44,587.85","44,491.03","45,133.25","44,477.90","","0.22%"
"03/30/2021","44,491.03","44,431.80","44,808.63","44,199.26","","0.13%"
"03/29/2021","44,431.80","45,521.63","45,521.63","44,315.43","","-2.39%"
"03/26/2021","45,521.63","45,726.16","45,757.56","45,436.91","","-0.45%"
"03/25/2021","45,726.16","45,544.20","46,000.11","45,544.20","","0.40%"
"03/24/2021","45,544.19","45,407.33","45,593.61","45,258.99","","0.30%"
"03/22/2021","45,407.33","44,901.31","45,465.13","44,735.59","","1.13%"
"03/19/2021","44,901.31","44,724.09","45,172.33","44,393.28","","0.40%"
"03/18/2021","44,724.09","45,450.31","45,612.95","44,641.49","","-1.60%"
"03/17/2021","45,450.31","44,857.06","45,540.63","44,857.06","","1.32%"
"03/16/2021","44,857.06","44,766.59","44,910.93","44,545.43","","0.20%"
"03/15/2021","44,766.59","43,788.08","44,839.19","43,788.08","","2.23%"
"03/12/2021","43,788.08","42,779.76","43,986.18","42,779.76","","2.36%"
"03/11/2021","42,779.76","43,691.68","43,891.00","42,689.42","","-2.09%"
"03/10/2021","43,691.68","44,222.91","44,424.04","43,620.84","","-1.20%"
"03/09/2021","44,222.91","45,051.06","45,129.55","43,946.30","","-1.84%"
"03/08/2021","45,051.05","45,837.35","46,432.39","44,867.62","","-1.72%"
"03/05/2021","45,837.35","45,278.54","45,946.69","45,168.21","","1.23%"
"03/04/2021","45,278.53","46,160.78","46,160.78","45,087.63","","-1.91%"
"03/03/2021","46,160.78","45,964.27","46,189.25","45,923.57","","0.43%"
"03/02/2021","45,964.27","45,593.43","46,077.92","45,535.87","","0.81%"
"03/01/2021","45,593.43","45,865.02","46,009.38","45,092.80","","-0.59%"
"02/26/2021","45,865.02","45,965.63","46,239.89","45,753.07","","-0.22%"
"02/25/2021","45,965.62","45,362.58","46,004.68","45,362.58","","1.33%"
"02/24/2021","45,362.58","45,728.75","45,887.77","45,205.48","","-0.80%"
"02/23/2021","45,728.75","45,890.04","46,083.66","45,663.03","","-0.35%"
"02/22/2021","45,890.04","46,227.65","46,402.73","45,763.05","","-0.73%"
"02/19/2021","46,227.65","46,142.74","46,378.35","46,137.20","","0.18%"
"02/18/2021","46,142.74","46,768.14","46,817.51","46,120.61","","-1.34%"
"02/17/2021","46,768.14","46,867.95","47,305.86","46,726.85","","-0.21%"
"02/16/2021","46,867.95","46,375.59","46,884.53","46,375.59","","1.06%"
"02/15/2021","46,375.59","45,808.36","46,507.42","45,808.36","","1.24%"
"02/12/2021","45,808.36","46,055.52","46,358.08","45,731.88","","-0.54%"
"02/11/2021","46,055.52","46,644.29","46,935.32","45,960.44","","-1.26%"
"02/10/2021","46,644.29","46,674.77","46,845.44","46,341.76","","-0.07%"
"02/09/2021","46,674.77","46,721.87","46,990.92","46,628.97","","-0.10%"
"02/08/2021","46,721.87","46,905.79","47,074.16","46,659.24","","-0.39%"
"02/04/2021","46,905.79","46,933.63","47,339.21","46,746.58","","-0.06%"
"02/03/2021","46,933.63","46,580.34","47,123.82","46,580.34","","0.76%"
"02/02/2021","46,580.34","46,248.45","46,642.72","46,248.45","","0.72%"
"02/01/2021","46,248.45","46,385.54","46,762.64","46,188.25","","-0.30%"
"01/29/2021","46,385.54","46,166.05","46,656.98","46,166.05","","0.48%"
"01/28/2021","46,166.05","46,458.13","46,645.17","46,110.92","","-0.63%"
"01/27/2021","46,458.13","46,287.38","46,698.33","46,287.38","","0.37%"
"01/26/2021","46,287.38","46,087.64","46,398.01","46,087.64","","0.43%"
"01/25/2021","46,087.64","45,868.04","46,189.02","45,868.04","","0.48%"
"01/22/2021","45,868.04","45,984.46","46,116.85","45,690.50","","-0.25%"
"01/21/2021","45,984.46","45,676.94","46,143.53","45,676.94","","0.67%"
"01/20/2021","45,676.94","45,903.23","45,903.23","45,545.43","","-0.49%"
"01/19/2021","45,903.23","45,726.68","45,978.00","45,596.81","","0.39%"
"01/18/2021","45,726.68","45,931.00","46,047.56","45,714.17","","-0.44%"
"01/15/2021","45,931.00","45,989.35","46,177.38","45,875.21","","-0.13%"
"01/14/2021","45,989.35","46,091.96","46,272.58","45,852.83","","-0.22%"
"01/13/2021","46,091.96","45,922.04","46,314.15","45,922.04","","0.37%"
"01/12/2021","45,922.04","45,605.42","46,013.36","45,605.42","","0.69%"
"01/11/2021","45,605.42","46,086.85","46,109.36","45,529.48","","-0.11%"
"01/08/2021","45,654.34","45,344.54","45,916.33","45,344.54","","0.68%"
"01/07/2021","45,344.54","45,153.42","45,619.80","45,153.42","","0.42%"
"01/06/2021","45,153.42","44,650.43","45,194.63","44,650.43","","1.13%"
"01/05/2021","44,650.43","44,686.46","44,830.28","44,458.71","","-0.08%"
"01/04/2021","44,686.46","44,434.80","45,074.37","44,434.80","","0.57%"
"01/01/2021","44,434.80","43,755.38","44,874.86","43,755.38","","1.55%"